FlightID,FlightNumber,Date_Local,Departure_Local,Arrival_Local,Date_UTC,Departure_UTC,Arrival_UTC,Origin,Destination,Aircraft,ULD_Details,Total_ULDs,Status
1000,RG559,2025-01-18,7:30,15:15,2025-01-18,1:30,8:15,SIN,DXB,B737,AKE×17,P1P×12,29,Cancelled
1001,RG891,2025-06-16,8:15,11:15,2025-06-16,1:15,2:15,SYD,LAX,B787,RKN×9,9,Cancelled
1002,RG967,2025-06-06,9:45,14:45,2025-06-06,2:45,8:45,SIN,LHR,A380,AKE×12,RKN×3,15,Delayed
1003,RG611,2025-03-16,9:15,22:30,2025-03-16,1:15,15:30,HND,JFK,A350,PMC×1,1,Arrived
1004,RG569,2025-05-27,11:45,2:00,2025-05-27,5:45,20:00,CDG,LAX,A380,PMC×19,AMJ×3,P1P×5,27,Arrived
1005,RG212,2025-01-19,14:45,3:15,2025-01-19,7:45,20:15,LHR,LAX,B787,AKE×17,17,Departed
1006,RG146,2025-02-12,5:30,18:45,2025-02-11,21:30,10:45,HND,CDG,A350,AMJ×10,RKN×20,AKE×18,48,Scheduled
1007,RG510,2025-06-14,5:15,9:45,2025-06-13,23:15,3:45,HND,BKK,A380,RKN×14,P1P×20,AMJ×1,35,Cancelled
1008,RG193,2025-05-20,9:30,18:45,2025-05-20,0:30,10:45,SIN,HND,A380,P1P×15,15,Cancelled
1009,RG334,2025-04-29,6:30,17:45,2025-04-28,22:30,9:45,DXB,LAX,A350,AMJ×11,AKE×8,19,Cancelled
1010,RG325,2025-03-10,14:15,18:15,2025-03-10,8:15,10:15,LAX,GRU,A350,RKN×19,19,Arrived
1011,RG444,2025-02-10,15:45,1:15,2025-02-10,6:45,19:15,HND,LAX,B787,P1P×19,AMJ×12,31,Scheduled
1012,RG658,2025-03-14,15:45,21:45,2025-03-14,9:45,12:45,LHR,CDG,A380,PMC×2,RKN×13,15,Scheduled
1013,RG352,2025-05-24,6:30,17:00,2025-05-24,0:30,8:00,SYD,SIN,B787,AMJ×5,AKE×4,9,Cancelled
1014,RG463,2025-03-28,17:30,7:45,2025-03-28,10:30,22:45,SYD,BKK,A320,P1P×11,11,Cancelled
1015,RG680,2025-04-27,4:15,11:45,2025-04-26,21:15,2:45,GRU,CDG,B787,AMJ×19,PMC×10,29,Cancelled
1016,RG381,2025-04-05,10:00,18:30,2025-04-05,4:00,9:30,CDG,JFK,A380,AMJ×16,16,Departed
1017,RG835,2025-06-11,23:45,4:00,2025-06-11,17:45,22:00,JFK,BKK,B777-300ER,PMC×14,P1P×7,21,Cancelled
1018,RG510,2025-06-06,15:00,4:15,2025-06-06,8:00,20:15,SIN,SYD,B777-300ER,P1P×18,PMC×11,29,Delayed
1019,RG750,2025-06-23,23:30,11:15,2025-06-23,16:30,4:15,CDG,SYD,B737,RKN×10,10,Departed
1020,RG579,2025-06-30,15:30,1:00,2025-06-30,7:30,17:00,HND,SYD,B777-300ER,RKN×10,P1P×2,12,Arrived
1021,RG796,2025-01-21,11:45,0:15,2025-01-21,2:45,17:15,JFK,SYD,B737,RKN×20,P1P×19,AKE×8,47,Departed
1022,RG658,2025-06-21,16:15,4:30,2025-06-21,10:15,22:30,LAX,DXB,A380,AKE×1,P1P×18,19,Departed
1023,RG750,2025-06-17,15:45,4:00,2025-06-17,7:45,20:00,CDG,BKK,A320,AMJ×2,P1P×6,RKN×14,22,Departed
1024,RG204,2025-04-12,15:15,4:45,2025-04-12,9:15,22:45,CDG,HND,B737,PMC×5,AMJ×17,22,Cancelled
1025,RG743,2025-02-19,3:30,8:15,2025-02-18,19:30,1:15,BKK,DXB,B737,P1P×13,AMJ×14,RKN×17,44,Arrived
1026,RG716,2025-04-13,21:00,1:15,2025-04-13,12:00,17:15,JFK,BKK,B737,P1P×9,PMC×11,20,Arrived
1027,RG369,2025-05-27,0:30,13:00,2025-05-26,17:30,7:00,HND,SIN,B737,PMC×17,17,Arrived
1028,RG579,2025-01-31,20:30,3:45,2025-01-31,13:30,20:45,SIN,LHR,B777-300ER,AMJ×18,RKN×16,P1P×18,52,Departed
1029,RG261,2025-03-05,21:00,7:45,2025-03-05,13:00,1:45,GRU,HND,A320,AMJ×18,P1P×5,RKN×6,29,Arrived
1030,RG997,2025-04-24,3:15,17:00,2025-04-23,21:15,8:00,BKK,SIN,A350,PMC×2,AMJ×18,RKN×15,35,Arrived
1031,RG798,2025-01-06,12:30,14:45,2025-01-06,6:30,8:45,LAX,DXB,A380,AMJ×2,2,Scheduled
1032,RG886,2025-01-09,9:45,14:00,2025-01-09,0:45,6:00,LAX,SIN,B777-300ER,AKE×12,P1P×4,16,Departed
1033,RG771,2025-04-11,16:15,5:30,2025-04-11,10:15,23:30,CDG,SIN,A380,AMJ×13,PMC×8,RKN×8,29,Cancelled
1034,RG384,2025-02-09,8:15,21:15,2025-02-09,2:15,12:15,GRU,BKK,A350,AKE×4,4,Delayed
1035,RG854,2025-04-25,19:00,0:00,2025-04-25,10:00,15:00,JFK,SYD,A350,P1P×17,17,Arrived
1036,RG144,2025-05-28,10:30,16:00,2025-05-28,3:30,9:00,LAX,CDG,B737,AMJ×19,19,Departed
1037,RG193,2025-06-23,13:45,16:15,2025-06-23,4:45,8:15,LAX,GRU,A350,PMC×18,P1P×16,34,Departed
1038,RG370,2025-03-18,22:15,13:00,2025-03-18,16:15,4:00,LAX,SYD,B787,PMC×8,8,Arrived
1039,RG199,2025-03-26,20:00,5:30,2025-03-26,14:00,22:30,BKK,CDG,B777-300ER,AMJ×7,AKE×19,PMC×18,44,Departed
1040,RG157,2025-02-23,10:30,12:45,2025-02-23,3:30,6:45,SIN,JFK,A380,P1P×18,PMC×11,AKE×10,39,Cancelled
1041,RG963,2025-05-17,20:30,3:00,2025-05-17,12:30,18:00,SIN,HND,A380,RKN×12,P1P×11,23,Cancelled
1042,RG858,2025-05-25,7:15,9:45,2025-05-24,22:15,1:45,LHR,JFK,B737,PMC×19,19,Departed
1043,RG423,2025-05-21,20:30,3:15,2025-05-21,11:30,18:15,LHR,DXB,A350,AMJ×16,16,Departed
1044,RG611,2025-06-14,1:00,4:00,2025-06-13,19:00,19:00,LHR,JFK,A320,P1P×17,AKE×15,PMC×12,44,Scheduled
1045,RG621,2025-06-13,21:45,10:30,2025-06-13,15:45,4:30,SYD,GRU,B777-300ER,AKE×17,17,Arrived
1046,RG771,2025-03-15,0:45,15:00,2025-03-14,18:45,9:00,SYD,LHR,A350,AMJ×17,17,Arrived
1047,RG750,2025-03-10,12:00,19:45,2025-03-10,3:00,12:45,JFK,CDG,A380,AKE×3,3,Cancelled
1048,RG786,2025-04-07,17:45,19:45,2025-04-07,10:45,13:45,SIN,LAX,A380,AMJ×17,AKE×2,19,Departed
1049,RG967,2025-06-27,18:45,0:45,2025-06-27,12:45,16:45,SYD,BKK,A350,AKE×19,P1P×5,24,Cancelled
1050,RG323,2025-03-18,5:15,17:00,2025-03-17,21:15,8:00,LHR,HND,B787,RKN×14,AKE×8,PMC×3,25,Arrived
1051,RG508,2025-06-07,19:45,10:15,2025-06-07,13:45,2:15,SIN,GRU,A350,AMJ×14,PMC×6,20,Delayed
1052,RG796,2025-04-08,2:30,16:45,2025-04-07,20:30,10:45,CDG,LHR,B777-300ER,P1P×12,PMC×4,AMJ×3,19,Scheduled
1053,RG777,2025-04-24,11:30,14:45,2025-04-24,5:30,7:45,LAX,SIN,B787,AMJ×1,PMC×3,AKE×12,16,Delayed
1054,RG127,2025-06-02,19:30,3:30,2025-06-02,11:30,18:30,LAX,HND,A380,P1P×13,AMJ×6,RKN×5,24,Arrived
1055,RG146,2025-03-10,15:15,18:30,2025-03-10,6:15,10:30,LAX,CDG,B777-300ER,RKN×9,9,Departed
1056,RG217,2025-06-10,15:15,0:15,2025-06-10,8:15,16:15,BKK,LAX,B737,PMC×11,RKN×14,P1P×20,45,Departed
1057,RG171,2025-03-24,19:15,4:45,2025-03-24,12:15,19:45,DXB,CDG,A380,PMC×13,P1P×9,AMJ×13,35,Arrived
1058,RG658,2025-05-25,6:15,18:15,2025-05-24,21:15,11:15,SIN,CDG,A380,PMC×16,16,Departed
1059,RG148,2025-03-19,7:30,19:45,2025-03-18,22:30,10:45,HND,SIN,B787,AMJ×18,PMC×17,35,Cancelled
1060,RG505,2025-01-10,11:00,14:15,2025-01-10,3:00,7:15,GRU,BKK,B787,PMC×4,RKN×1,P1P×4,9,Arrived
1061,RG718,2025-05-11,23:15,8:45,2025-05-11,14:15,23:45,GRU,SYD,A350,AKE×4,PMC×10,14,Cancelled
1062,RG617,2025-01-30,23:15,6:45,2025-01-30,15:15,21:45,JFK,SYD,B777-300ER,PMC×15,AKE×15,30,Arrived
1063,RG130,2025-03-18,1:00,3:30,2025-03-17,19:00,20:30,JFK,SYD,A350,P1P×14,RKN×15,PMC×8,37,Cancelled
1064,RG873,2025-02-17,5:45,13:45,2025-02-16,22:45,4:45,GRU,LAX,B777-300ER,P1P×7,7,Arrived
1065,RG214,2025-06-30,2:00,16:15,2025-06-29,18:00,8:15,JFK,SIN,A320,PMC×20,RKN×13,33,Delayed
1066,RG799,2025-05-31,3:30,11:15,2025-05-30,20:30,3:15,GRU,HND,A380,RKN×4,4,Departed
1067,RG777,2025-01-30,5:30,18:45,2025-01-29,20:30,9:45,GRU,LHR,B787,PMC×16,P1P×18,34,Departed
1068,RG246,2025-02-12,15:30,19:45,2025-02-12,7:30,10:45,GRU,BKK,B737,PMC×5,5,Departed
1069,RG373,2025-05-24,16:45,1:30,2025-05-24,7:45,16:30,SIN,LHR,A320,AKE×2,P1P×9,PMC×8,19,Delayed
1070,RG691,2025-02-13,14:45,0:45,2025-02-13,8:45,16:45,SYD,DXB,B787,PMC×18,18,Departed
1071,RG350,2025-01-27,23:15,5:15,2025-01-27,14:15,21:15,DXB,HND,B777-300ER,P1P×7,7,Delayed
1072,RG579,2025-03-31,22:45,3:00,2025-03-31,15:45,20:00,BKK,DXB,B787,AMJ×11,P1P×10,21,Arrived
1073,RG862,2025-03-10,16:00,20:45,2025-03-10,10:00,12:45,LHR,GRU,A350,RKN×8,8,Cancelled
1074,RG132,2025-02-06,18:30,7:15,2025-02-06,9:30,22:15,HND,GRU,B777-300ER,RKN×16,AMJ×11,P1P×19,46,Scheduled
1075,RG839,2025-01-24,23:45,12:15,2025-01-24,17:45,3:15,JFK,LAX,A350,RKN×10,AMJ×11,21,Delayed
1076,RG674,2025-02-03,18:45,9:15,2025-02-03,12:45,3:15,HND,SIN,A320,P1P×15,15,Cancelled
1077,RG754,2025-04-20,6:15,18:45,2025-04-19,23:15,10:45,HND,DXB,B737,RKN×6,6,Scheduled
1078,RG763,2025-06-10,9:15,17:15,2025-06-10,3:15,11:15,JFK,SIN,A320,AMJ×8,8,Delayed
1079,RG490,2025-04-24,0:00,13:30,2025-04-23,18:00,4:30,LHR,SIN,A320,PMC×3,3,Scheduled
1080,RG833,2025-03-22,11:30,16:15,2025-03-22,4:30,9:15,HND,SYD,B787,AMJ×6,6,Cancelled
1081,RG564,2025-02-24,20:15,5:00,2025-02-24,13:15,23:00,HND,LHR,A320,PMC×11,RKN×5,P1P×8,24,Arrived
1082,RG256,2025-01-22,7:30,21:30,2025-01-21,23:30,14:30,SYD,GRU,A350,PMC×2,RKN×8,AMJ×16,26,Cancelled
1083,RG818,2025-03-03,15:00,1:00,2025-03-03,7:00,17:00,LHR,LAX,B787,RKN×16,P1P×3,19,Scheduled
1084,RG864,2025-01-18,0:30,5:30,2025-01-17,18:30,20:30,SYD,CDG,A380,AMJ×13,PMC×3,P1P×18,34,Delayed
1085,RG241,2025-02-09,8:00,14:00,2025-02-09,1:00,7:00,SYD,DXB,B777-300ER,AKE×14,RKN×8,PMC×2,24,Departed
1086,RG716,2025-04-22,3:45,14:45,2025-04-21,19:45,7:45,HND,BKK,A380,AKE×6,6,Cancelled
1087,RG384,2025-05-14,16:30,21:00,2025-05-14,9:30,13:00,HND,BKK,B737,RKN×9,AKE×19,28,Scheduled
1088,RG423,2025-04-27,16:30,19:15,2025-04-27,9:30,11:15,LHR,CDG,A320,AKE×17,P1P×1,RKN×2,20,Scheduled
1089,RG649,2025-01-12,15:30,23:45,2025-01-12,8:30,17:45,SYD,LAX,A350,P1P×11,PMC×9,20,Scheduled
1090,RG862,2025-04-06,3:00,7:15,2025-04-05,21:00,22:15,HND,SIN,B737,RKN×18,AKE×15,33,Scheduled
1091,RG479,2025-02-21,9:30,22:45,2025-02-21,0:30,14:45,GRU,SIN,A350,AMJ×1,P1P×14,AKE×1,16,Departed
1092,RG611,2025-03-30,20:00,3:00,2025-03-30,11:00,19:00,HND,JFK,B787,PMC×16,16,Scheduled
1093,RG990,2025-03-13,2:00,7:45,2025-03-12,18:00,22:45,HND,GRU,B787,PMC×3,3,Delayed
1094,RG352,2025-01-16,13:15,18:45,2025-01-16,5:15,10:45,LAX,DXB,B737,RKN×3,P1P×7,10,Departed
1095,RG996,2025-05-30,3:15,6:30,2025-05-29,18:15,21:30,DXB,LAX,A320,RKN×10,P1P×15,PMC×9,34,Scheduled
1096,RG127,2025-02-10,21:30,10:30,2025-02-10,14:30,2:30,LHR,HND,A380,RKN×13,13,Delayed
1097,RG658,2025-06-23,9:30,13:30,2025-06-23,0:30,4:30,SYD,GRU,A350,PMC×4,4,Departed
1098,RG325,2025-01-04,1:15,5:30,2025-01-03,16:15,21:30,HND,CDG,A320,AKE×7,7,Cancelled
1099,RG559,2025-01-24,10:00,12:45,2025-01-24,4:00,5:45,GRU,LAX,A380,PMC×13,AKE×14,27,Departed
1100,RG750,2025-02-24,5:30,12:15,2025-02-23,22:30,6:15,GRU,JFK,A380,PMC×18,AMJ×16,34,Scheduled
1101,RG716,2025-03-13,12:15,20:30,2025-03-13,5:15,14:30,LAX,DXB,B777-300ER,PMC×17,RKN×11,AMJ×13,41,Arrived
1102,RG320,2025-01-07,10:15,12:45,2025-01-07,4:15,3:45,SYD,DXB,B787,P1P×4,4,Departed
1103,RG911,2025-03-03,8:00,22:15,2025-03-02,23:00,14:15,LHR,GRU,A350,RKN×1,AMJ×12,PMC×19,32,Delayed
1104,RG990,2025-05-25,6:45,17:15,2025-05-24,23:45,8:15,BKK,HND,A320,AMJ×8,8,Scheduled
1105,RG835,2025-05-03,0:30,11:45,2025-05-02,17:30,3:45,LHR,DXB,A320,P1P×19,19,Departed
1106,RG839,2025-01-29,16:30,20:00,2025-01-29,7:30,14:00,DXB,CDG,B737,P1P×14,14,Cancelled
1107,RG742,2025-03-23,5:30,10:45,2025-03-22,20:30,2:45,CDG,LHR,A350,AKE×2,PMC×6,RKN×20,28,Arrived
1108,RG324,2025-02-26,20:00,5:15,2025-02-26,12:00,23:15,JFK,DXB,B737,AKE×11,11,Cancelled
1109,RG125,2025-03-09,6:15,19:15,2025-03-08,22:15,11:15,HND,BKK,A320,PMC×6,AMJ×14,20,Cancelled
1110,RG314,2025-03-31,17:45,21:30,2025-03-31,10:45,14:30,SIN,HND,A320,AKE×9,RKN×4,13,Scheduled
1111,RG489,2025-02-13,12:15,1:15,2025-02-13,6:15,17:15,GRU,SIN,A380,PMC×6,6,Delayed
1112,RG488,2025-02-10,1:00,8:15,2025-02-09,18:00,23:15,SYD,GRU,B737,RKN×4,AMJ×2,AKE×13,19,Delayed
1113,RG758,2025-05-06,4:00,11:00,2025-05-05,19:00,5:00,CDG,SIN,A350,AKE×7,7,Departed
1114,RG981,2025-03-16,2:45,6:15,2025-03-15,17:45,21:15,SIN,CDG,A320,AMJ×12,PMC×13,AKE×12,37,Departed
1115,RG804,2025-01-12,8:45,18:15,2025-01-12,1:45,10:15,GRU,BKK,A350,AKE×12,AMJ×18,RKN×14,44,Delayed
1116,RG926,2025-05-22,1:45,12:30,2025-05-21,16:45,5:30,SIN,CDG,A320,AKE×4,P1P×15,19,Departed
1117,RG532,2025-02-24,6:15,9:00,2025-02-24,0:15,0:00,JFK,LHR,B787,RKN×3,AKE×13,16,Delayed
1118,RG763,2025-05-22,10:30,21:15,2025-05-22,4:30,12:15,HND,LAX,A350,AMJ×19,19,Delayed
1119,RG545,2025-01-26,3:00,17:30,2025-01-25,19:00,8:30,CDG,LAX,A380,AMJ×2,PMC×6,8,Arrived
1120,RG723,2025-02-06,19:45,22:30,2025-02-06,11:45,15:30,BKK,SIN,B737,AKE×10,RKN×10,20,Arrived
1121,RG132,2025-06-28,21:00,2:15,2025-06-28,13:00,17:15,DXB,CDG,A380,AMJ×7,AKE×15,22,Departed
1122,RG750,2025-05-05,16:30,18:45,2025-05-05,10:30,10:45,SYD,LAX,A350,AMJ×7,AKE×7,PMC×2,16,Departed
1123,RG854,2025-04-27,1:30,14:45,2025-04-26,17:30,6:45,SIN,SYD,B777-300ER,AKE×12,AMJ×16,PMC×20,48,Cancelled
1124,RG259,2025-05-02,18:30,1:45,2025-05-02,10:30,19:45,CDG,BKK,B777-300ER,P1P×19,19,Departed
1125,RG718,2025-06-15,7:15,14:00,2025-06-15,1:15,8:00,SIN,LHR,A380,AMJ×1,1,Departed
1126,RG487,2025-06-05,9:30,18:15,2025-06-05,1:30,9:15,CDG,JFK,B777-300ER,AMJ×19,PMC×4,23,Scheduled
1127,RG167,2025-06-19,11:30,17:30,2025-06-19,2:30,11:30,DXB,CDG,A380,RKN×10,AMJ×7,17,Departed
1128,RG680,2025-03-03,1:45,14:15,2025-03-02,18:45,8:15,SIN,CDG,B737,PMC×2,AMJ×19,21,Delayed
1129,RG444,2025-03-29,23:15,12:00,2025-03-29,15:15,4:00,LHR,SYD,A350,AKE×5,PMC×9,14,Delayed
1130,RG261,2025-02-16,21:30,9:30,2025-02-16,14:30,1:30,JFK,CDG,B777-300ER,RKN×19,AMJ×10,29,Cancelled
1131,RG529,2025-05-01,1:00,10:15,2025-04-30,19:00,1:15,SYD,CDG,B777-300ER,P1P×5,5,Departed
1132,RG489,2025-04-15,18:45,23:15,2025-04-15,11:45,17:15,SIN,DXB,A380,RKN×2,2,Scheduled
1133,RG670,2025-03-12,6:15,17:30,2025-03-11,21:15,11:30,LHR,LAX,A380,PMC×16,AMJ×13,29,Scheduled
1134,RG204,2025-05-17,6:30,9:00,2025-05-16,23:30,3:00,BKK,JFK,A350,RKN×4,AMJ×13,AKE×17,34,Delayed
1135,RG777,2025-02-12,2:00,8:30,2025-02-11,17:00,0:30,LAX,LHR,B737,RKN×6,P1P×13,19,Scheduled
1136,RG926,2025-02-27,23:15,4:15,2025-02-27,16:15,22:15,DXB,BKK,B777-300ER,RKN×2,AKE×4,AMJ×1,7,Scheduled
1137,RG579,2025-01-30,13:45,21:45,2025-01-30,5:45,12:45,LHR,JFK,A380,AKE×4,RKN×17,P1P×9,30,Delayed
1138,RG470,2025-06-29,4:45,7:45,2025-06-28,20:45,1:45,HND,SIN,A350,P1P×7,RKN×12,PMC×14,33,Arrived
1139,RG814,2025-01-11,17:45,23:30,2025-01-11,9:45,16:30,BKK,GRU,A380,AKE×19,19,Cancelled
1140,RG877,2025-01-24,16:00,5:00,2025-01-24,8:00,22:00,SIN,CDG,B737,AKE×6,AMJ×2,8,Arrived
1141,RG473,2025-06-23,10:45,23:45,2025-06-23,4:45,17:45,BKK,LHR,A380,P1P×15,RKN×20,AMJ×9,44,Scheduled
1142,RG463,2025-03-29,5:00,13:45,2025-03-28,20:00,5:45,LAX,SIN,B777-300ER,P1P×2,AKE×6,PMC×4,12,Cancelled
1143,RG698,2025-05-04,18:45,23:30,2025-05-04,10:45,17:30,LHR,SIN,B777-300ER,PMC×15,15,Scheduled
1144,RG132,2025-03-08,20:30,22:45,2025-03-08,12:30,16:45,LAX,JFK,B777-300ER,PMC×18,P1P×20,38,Scheduled
1145,RG125,2025-06-14,5:45,15:00,2025-06-13,23:45,6:00,DXB,JFK,B737,AKE×18,P1P×13,31,Cancelled
1146,RG847,2025-01-21,14:45,5:30,2025-01-21,8:45,20:30,SIN,DXB,A320,AKE×13,AMJ×14,27,Scheduled
1147,RG246,2025-05-21,0:00,14:30,2025-05-20,17:00,5:30,DXB,GRU,A320,PMC×11,11,Delayed
1148,RG564,2025-06-08,19:45,9:15,2025-06-08,10:45,3:15,HND,JFK,A320,RKN×18,AMJ×17,35,Arrived
1149,RG666,2025-01-28,1:15,10:30,2025-01-27,16:15,4:30,CDG,JFK,A350,PMC×7,7,Cancelled
1150,RG444,2025-03-28,3:45,5:45,2025-03-27,18:45,20:45,GRU,SYD,A350,AKE×18,AMJ×14,32,Delayed
1151,RG334,2025-05-11,5:15,18:30,2025-05-10,23:15,9:30,GRU,DXB,B787,PMC×9,P1P×13,22,Arrived
1152,RG821,2025-04-26,4:15,12:45,2025-04-25,20:15,5:45,JFK,GRU,B787,RKN×5,AMJ×6,PMC×17,28,Delayed
1153,RG641,2025-06-13,10:00,0:30,2025-06-13,1:00,15:30,SYD,CDG,B777-300ER,AMJ×4,4,Scheduled
1154,RG786,2025-02-07,1:00,6:30,2025-02-06,18:00,22:30,CDG,LHR,A320,RKN×2,P1P×12,AMJ×15,29,Scheduled
1155,RG241,2025-06-22,23:15,13:00,2025-06-22,16:15,5:00,BKK,LAX,B777-300ER,RKN×1,AKE×9,10,Departed
1156,RG621,2025-04-24,7:30,21:45,2025-04-24,0:30,13:45,SIN,LHR,A380,P1P×6,6,Delayed
1157,RG529,2025-04-07,1:45,8:15,2025-04-06,18:45,1:15,GRU,CDG,A320,PMC×2,P1P×5,7,Arrived
1158,RG538,2025-01-14,20:30,6:00,2025-01-14,14:30,22:00,SYD,JFK,A350,AKE×18,P1P×18,PMC×13,49,Scheduled
1159,RG564,2025-02-26,6:30,14:00,2025-02-25,22:30,7:00,GRU,SYD,B777-300ER,AKE×12,AMJ×15,RKN×8,35,Delayed
1160,RG605,2025-03-04,1:30,9:30,2025-03-03,16:30,1:30,SYD,CDG,A320,RKN×2,PMC×10,P1P×7,19,Arrived
1161,RG316,2025-01-22,3:15,17:15,2025-01-21,21:15,10:15,JFK,LAX,A320,AMJ×14,14,Scheduled
1162,RG448,2025-06-25,4:00,13:30,2025-06-24,22:00,7:30,HND,BKK,A350,AMJ×19,AKE×8,27,Arrived
1163,RG750,2025-04-10,14:45,23:15,2025-04-10,8:45,14:15,HND,SYD,A320,AMJ×19,AKE×2,RKN×3,24,Arrived
1164,RG510,2025-01-28,9:30,20:30,2025-01-28,1:30,11:30,LAX,GRU,A380,PMC×6,6,Delayed
1165,RG718,2025-02-04,23:45,14:15,2025-02-04,16:45,6:15,DXB,BKK,B787,P1P×1,AKE×19,PMC×20,40,Cancelled
1166,RG771,2025-05-21,2:30,8:00,2025-05-20,19:30,23:00,SYD,LHR,A350,P1P×20,20,Arrived
1167,RG204,2025-01-30,5:00,19:45,2025-01-29,23:00,11:45,HND,CDG,A320,AMJ×16,16,Arrived
1168,RG954,2025-02-02,21:15,0:45,2025-02-02,15:15,17:45,DXB,SIN,B777-300ER,AMJ×19,RKN×5,24,Delayed
1169,RG352,2025-04-04,10:45,14:45,2025-04-04,2:45,7:45,JFK,LAX,B737,P1P×16,RKN×15,31,Cancelled
1170,RG954,2025-03-20,15:00,19:00,2025-03-20,7:00,12:00,SYD,JFK,B737,AKE×17,AMJ×1,PMC×19,37,Delayed
1171,RG723,2025-06-01,6:00,16:30,2025-05-31,21:00,9:30,DXB,LAX,A350,RKN×17,P1P×17,PMC×3,37,Cancelled
1172,RG266,2025-05-09,0:15,14:30,2025-05-08,17:15,5:30,LHR,GRU,B787,P1P×2,PMC×8,AMJ×16,26,Departed
1173,RG132,2025-03-09,11:15,13:30,2025-03-09,3:15,4:30,SIN,GRU,A320,RKN×4,4,Delayed
1174,RG148,2025-03-12,23:30,10:45,2025-03-12,14:30,1:45,DXB,HND,B787,PMC×17,P1P×13,30,Arrived
1175,RG384,2025-05-05,15:00,1:15,2025-05-05,6:00,18:15,JFK,HND,B787,RKN×6,P1P×6,AKE×12,24,Delayed
1176,RG838,2025-01-31,21:15,5:45,2025-01-31,15:15,20:45,SIN,GRU,A350,P1P×8,PMC×2,AKE×5,15,Delayed
1177,RG698,2025-02-11,4:00,15:15,2025-02-10,22:00,8:15,CDG,LHR,B787,AMJ×10,AKE×3,13,Departed
1178,RG804,2025-06-05,15:45,20:00,2025-06-05,6:45,13:00,GRU,LHR,B787,AMJ×11,RKN×15,AKE×20,46,Delayed
1179,RG130,2025-02-28,12:45,16:45,2025-02-28,6:45,9:45,SYD,GRU,A380,P1P×6,AKE×16,22,Delayed
1180,RG697,2025-01-10,17:00,20:45,2025-01-10,10:00,14:45,LAX,SYD,B777-300ER,AKE×8,PMC×16,24,Cancelled
1181,RG564,2025-05-31,23:00,7:15,2025-05-31,15:00,22:15,JFK,HND,B737,AMJ×7,PMC×1,P1P×1,9,Delayed
1182,RG997,2025-01-31,16:00,0:15,2025-01-31,8:00,15:15,DXB,HND,A350,AMJ×9,RKN×18,27,Cancelled
1183,RG242,2025-04-04,19:30,8:15,2025-04-04,12:30,23:15,SYD,GRU,B777-300ER,RKN×18,18,Delayed
1184,RG334,2025-03-06,9:30,0:15,2025-03-06,2:30,18:15,JFK,SIN,A380,AKE×7,7,Delayed
1185,RG173,2025-03-28,17:00,21:45,2025-03-28,11:00,15:45,LHR,SIN,B787,AKE×9,AMJ×8,17,Arrived
1186,RG338,2025-06-05,1:45,10:15,2025-06-04,19:45,3:15,SIN,GRU,A320,AMJ×10,10,Departed
1187,RG854,2025-06-03,16:15,3:30,2025-06-03,10:15,19:30,JFK,BKK,A350,RKN×13,13,Arrived
1188,RG710,2025-04-12,12:15,22:15,2025-04-12,6:15,16:15,SYD,CDG,A380,AMJ×9,RKN×8,P1P×20,37,Departed
1189,RG324,2025-04-14,18:00,0:15,2025-04-14,9:00,18:15,SYD,HND,B787,RKN×17,AKE×9,26,Delayed
1190,RG674,2025-03-06,22:45,7:30,2025-03-06,15:45,23:30,SIN,GRU,B787,PMC×4,4,Arrived
1191,RG130,2025-04-08,20:15,8:30,2025-04-08,12:15,23:30,DXB,SYD,B787,RKN×8,8,Arrived
1192,RG127,2025-04-13,21:30,0:45,2025-04-13,12:30,16:45,DXB,JFK,B787,P1P×16,AMJ×7,23,Departed
1193,RG373,2025-03-03,8:15,13:30,2025-03-03,1:15,5:30,LHR,HND,A320,PMC×20,20,Scheduled
1194,RG261,2025-05-19,1:45,9:15,2025-05-18,16:45,1:15,SIN,LHR,B787,PMC×19,P1P×5,24,Scheduled
1195,RG835,2025-04-19,15:00,1:30,2025-04-19,6:00,18:30,SIN,HND,A380,PMC×1,RKN×1,AMJ×7,9,Cancelled
1196,RG651,2025-01-26,10:30,22:00,2025-01-26,3:30,14:00,JFK,CDG,B777-300ER,RKN×16,AMJ×14,AKE×7,37,Cancelled
1197,RG666,2025-04-06,11:45,18:30,2025-04-06,4:45,11:30,GRU,JFK,A320,RKN×14,P1P×13,AMJ×7,34,Departed
1198,RG887,2025-02-08,15:00,19:45,2025-02-08,6:00,12:45,SYD,GRU,A380,PMC×9,RKN×18,27,Delayed
1199,RG658,2025-04-12,3:15,5:30,2025-04-11,19:15,20:30,HND,SIN,A380,RKN×12,AMJ×18,30,Delayed
1200,RG180,2025-03-30,0:45,4:15,2025-03-29,17:45,21:15,CDG,DXB,B737,AMJ×15,PMC×3,RKN×13,31,Delayed
1201,RG691,2025-04-29,20:15,0:45,2025-04-29,11:15,15:45,HND,GRU,A350,P1P×11,RKN×10,21,Arrived
1202,RG508,2025-06-15,12:30,22:00,2025-06-15,3:30,13:00,LHR,GRU,A320,P1P×9,9,Scheduled
1203,RG467,2025-02-12,12:00,15:00,2025-02-12,3:00,9:00,BKK,LAX,B787,AKE×9,9,Delayed
1204,RG925,2025-01-22,20:45,3:00,2025-01-22,13:45,19:00,SIN,LHR,A350,P1P×12,AKE×11,PMC×16,39,Cancelled
1205,RG611,2025-03-11,17:45,22:00,2025-03-11,8:45,13:00,SYD,GRU,B737,PMC×3,P1P×15,18,Arrived
1206,RG266,2025-04-16,8:15,14:15,2025-04-16,2:15,7:15,DXB,CDG,B777-300ER,AKE×10,PMC×1,P1P×14,25,Arrived
1207,RG538,2025-03-01,0:30,6:15,2025-02-28,15:30,21:15,JFK,LHR,A380,PMC×9,AMJ×3,AKE×14,26,Departed
1208,RG680,2025-06-06,22:30,5:00,2025-06-06,13:30,22:00,HND,LHR,A350,AKE×20,PMC×15,35,Arrived
1209,RG666,2025-06-09,15:15,22:15,2025-06-09,8:15,16:15,SYD,BKK,A350,RKN×9,9,Departed
1210,RG838,2025-04-23,23:00,4:00,2025-04-23,16:00,22:00,SIN,JFK,B737,RKN×12,PMC×15,27,Scheduled
1211,RG338,2025-01-21,4:00,10:45,2025-01-20,22:00,1:45,LHR,JFK,B737,AKE×8,AMJ×13,21,Cancelled
1212,RG227,2025-01-09,6:45,19:45,2025-01-08,23:45,10:45,LAX,CDG,B737,AKE×18,18,Delayed
1213,RG325,2025-03-06,15:30,21:00,2025-03-06,9:30,14:00,HND,JFK,A380,RKN×6,AKE×9,15,Delayed
1214,RG529,2025-04-12,7:00,9:45,2025-04-12,0:00,1:45,HND,JFK,A350,AKE×2,RKN×2,4,Arrived
1215,RG256,2025-02-09,22:00,2:45,2025-02-09,15:00,18:45,SYD,DXB,B777-300ER,P1P×13,AKE×12,RKN×5,30,Arrived
1216,RG792,2025-05-05,22:45,9:15,2025-05-05,13:45,2:15,GRU,LHR,B787,RKN×9,PMC×20,29,Delayed
1217,RG814,2025-01-18,16:15,1:45,2025-01-18,8:15,17:45,SIN,BKK,A380,PMC×20,P1P×12,AKE×20,52,Departed
1218,RG181,2025-01-17,21:45,3:30,2025-01-17,14:45,19:30,DXB,LAX,A380,AKE×17,AMJ×3,20,Scheduled
1219,RG703,2025-02-15,1:15,5:00,2025-02-14,18:15,23:00,BKK,LAX,A380,AMJ×2,RKN×12,14,Departed
1220,RG470,2025-01-19,0:15,13:00,2025-01-18,18:15,4:00,BKK,DXB,B787,PMC×2,RKN×20,AMJ×9,31,Delayed
1221,RG792,2025-01-19,9:00,14:00,2025-01-19,3:00,7:00,SYD,LAX,A350,AMJ×8,8,Delayed
1222,RG193,2025-02-15,17:45,6:45,2025-02-15,9:45,21:45,LAX,HND,A350,AMJ×13,13,Delayed
1223,RG203,2025-06-18,5:45,13:15,2025-06-17,21:45,5:15,LAX,GRU,A380,AMJ×19,P1P×18,37,Departed
1224,RG314,2025-05-21,23:30,7:15,2025-05-21,14:30,22:15,BKK,GRU,B737,AKE×1,P1P×10,PMC×8,19,Departed
1225,RG891,2025-01-06,22:30,8:45,2025-01-06,16:30,2:45,SIN,DXB,A350,RKN×12,12,Delayed
1226,RG227,2025-03-01,8:30,12:15,2025-03-01,1:30,6:15,DXB,SIN,A350,AMJ×20,AKE×10,30,Scheduled
1227,RG868,2025-05-28,12:00,2:00,2025-05-28,4:00,18:00,LAX,GRU,A320,AMJ×1,1,Cancelled
1228,RG189,2025-03-20,16:00,23:15,2025-03-20,8:00,16:15,LHR,BKK,A380,PMC×19,AMJ×17,RKN×3,39,Departed
1229,RG573,2025-03-16,12:15,16:45,2025-03-16,6:15,7:45,GRU,BKK,B787,RKN×13,AKE×17,30,Cancelled
1230,RG839,2025-06-28,4:15,13:30,2025-06-27,19:15,4:30,GRU,JFK,B787,AMJ×3,P1P×9,AKE×14,26,Arrived
1231,RG710,2025-05-28,2:00,14:45,2025-05-27,17:00,6:45,DXB,JFK,B737,AMJ×10,AKE×6,16,Arrived
1232,RG241,2025-04-24,19:15,4:15,2025-04-24,12:15,21:15,DXB,LHR,A380,AKE×2,2,Departed
1233,RG621,2025-02-07,9:00,16:00,2025-02-07,1:00,7:00,SIN,BKK,B737,AMJ×7,7,Departed
1234,RG505,2025-05-14,8:45,20:00,2025-05-14,2:45,11:00,GRU,SYD,A320,P1P×10,AKE×7,17,Delayed
1235,RG743,2025-01-14,14:00,17:45,2025-01-14,6:00,9:45,HND,BKK,B737,PMC×17,P1P×4,AMJ×11,32,Cancelled
1236,RG538,2025-05-17,2:15,8:00,2025-05-16,20:15,2:00,JFK,SYD,B737,PMC×6,AMJ×1,7,Arrived
1237,RG710,2025-04-01,11:30,17:00,2025-04-01,5:30,9:00,LAX,BKK,B787,P1P×11,AMJ×13,24,Departed
1238,RG716,2025-04-08,16:15,0:30,2025-04-08,9:15,15:30,CDG,DXB,B777-300ER,P1P×5,AMJ×19,RKN×18,42,Departed
1239,RG928,2025-03-21,22:15,6:30,2025-03-21,15:15,22:30,HND,SYD,B787,AKE×5,P1P×1,PMC×11,17,Cancelled
1240,RG275,2025-03-19,14:30,18:45,2025-03-19,8:30,11:45,LHR,BKK,B787,RKN×8,P1P×8,AMJ×1,17,Arrived
1241,RG338,2025-06-26,15:15,2:00,2025-06-26,7:15,19:00,LAX,SIN,B777-300ER,P1P×7,7,Departed
1242,RG854,2025-04-15,0:30,8:45,2025-04-14,17:30,1:45,HND,LHR,B777-300ER,PMC×8,RKN×14,P1P×13,35,Scheduled
1243,RG470,2025-04-08,23:30,7:30,2025-04-08,17:30,22:30,SIN,BKK,A350,AMJ×2,PMC×18,RKN×13,33,Delayed
1244,RG261,2025-06-11,1:15,8:00,2025-06-10,16:15,0:00,CDG,SIN,A350,RKN×17,AKE×5,22,Cancelled
1245,RG256,2025-04-26,2:00,6:15,2025-04-25,17:00,21:15,DXB,SIN,A320,PMC×19,19,Departed
1246,RG324,2025-01-24,8:30,21:45,2025-01-24,2:30,15:45,HND,SIN,A380,AKE×17,PMC×20,37,Departed
1247,RG314,2025-05-21,12:00,2:15,2025-05-21,4:00,19:15,LHR,GRU,A350,AKE×10,PMC×15,P1P×10,35,Departed
1248,RG529,2025-02-03,6:00,17:30,2025-02-03,0:00,8:30,SIN,GRU,B787,AMJ×16,16,Departed
1249,RG452,2025-05-31,21:45,7:30,2025-05-31,12:45,1:30,GRU,BKK,A350,RKN×6,P1P×5,AKE×2,13,Arrived
1250,RG204,2025-02-07,1:30,8:30,2025-02-06,19:30,2:30,LAX,LHR,A350,RKN×19,P1P×12,PMC×2,33,Scheduled
1251,RG564,2025-03-18,10:30,18:30,2025-03-18,1:30,12:30,CDG,SIN,A350,RKN×11,11,Delayed
1252,RG275,2025-05-15,6:15,17:15,2025-05-15,0:15,11:15,SIN,CDG,B777-300ER,RKN×19,AMJ×20,PMC×12,51,Departed
1253,RG241,2025-05-25,15:45,1:00,2025-05-25,8:45,17:00,JFK,BKK,A320,PMC×4,4,Departed
1254,RG241,2025-04-17,13:00,20:30,2025-04-17,6:00,14:30,JFK,CDG,B737,RKN×10,10,Delayed
1255,RG758,2025-03-24,0:00,12:30,2025-03-23,16:00,3:30,GRU,BKK,A350,RKN×11,11,Cancelled
1256,RG894,2025-01-10,20:15,5:30,2025-01-10,11:15,21:30,SIN,LAX,A380,AMJ×10,10,Delayed
1257,RG798,2025-06-23,10:00,15:30,2025-06-23,2:00,9:30,LHR,CDG,A320,PMC×19,P1P×20,39,Cancelled
1258,RG881,2025-06-02,3:30,17:00,2025-06-01,21:30,9:00,LAX,HND,B777-300ER,RKN×15,15,Arrived
1259,RG452,2025-05-15,9:15,12:45,2025-05-15,3:15,5:45,HND,SIN,B787,PMC×17,17,Departed
1260,RG444,2025-03-29,15:30,6:00,2025-03-29,8:30,0:00,SYD,LHR,A350,AKE×17,PMC×4,P1P×1,22,Arrived
1261,RG858,2025-06-25,19:00,2:45,2025-06-25,13:00,20:45,SYD,CDG,A320,RKN×7,P1P×7,PMC×10,24,Arrived
1262,RG317,2025-03-23,14:00,20:15,2025-03-23,7:00,12:15,HND,BKK,B787,AMJ×18,AKE×12,PMC×18,48,Arrived
1263,RG743,2025-02-06,22:30,9:45,2025-02-06,15:30,3:45,CDG,DXB,B787,AKE×1,P1P×16,17,Scheduled
1264,RG765,2025-04-09,1:00,9:45,2025-04-08,18:00,0:45,GRU,DXB,B737,P1P×15,AKE×19,34,Departed
1265,RG127,2025-06-28,14:00,23:30,2025-06-28,5:00,14:30,JFK,GRU,A350,RKN×6,AMJ×11,P1P×11,28,Cancelled
1266,RG941,2025-01-08,2:45,6:15,2025-01-07,17:45,21:15,LHR,CDG,B737,AMJ×4,P1P×13,RKN×4,21,Arrived
1267,RG246,2025-06-16,2:30,13:15,2025-06-15,17:30,4:15,JFK,GRU,B787,PMC×13,13,Scheduled
1268,RG489,2025-02-23,22:45,13:30,2025-02-23,14:45,6:30,LHR,HND,A380,AMJ×19,PMC×20,AKE×15,54,Arrived
1269,RG246,2025-01-25,14:15,21:00,2025-01-25,8:15,15:00,GRU,LAX,B737,AKE×7,AMJ×5,12,Delayed
1270,RG400,2025-06-12,0:15,12:30,2025-06-11,15:15,4:30,LAX,SIN,A350,RKN×10,10,Delayed
1271,RG494,2025-03-19,13:30,16:30,2025-03-19,4:30,9:30,CDG,BKK,B737,AKE×18,AMJ×12,RKN×4,34,Arrived
1272,RG242,2025-03-02,13:45,2:15,2025-03-02,4:45,17:15,LAX,GRU,B787,P1P×16,16,Departed
1273,RG444,2025-05-23,12:30,20:45,2025-05-23,4:30,13:45,LHR,BKK,A320,AKE×16,P1P×14,RKN×5,35,Scheduled
1274,RG928,2025-06-14,13:45,4:30,2025-06-14,6:45,19:30,SYD,LAX,B787,PMC×8,RKN×6,14,Cancelled
1275,RG508,2025-01-02,18:45,8:00,2025-01-02,10:45,23:00,SYD,DXB,A320,AMJ×16,16,Arrived
1276,RG818,2025-05-29,15:00,19:30,2025-05-29,6:00,13:30,SYD,HND,A350,AKE×20,RKN×2,22,Arrived
1277,RG317,2025-01-03,15:45,2:30,2025-01-03,7:45,17:30,DXB,CDG,B737,AKE×20,20,Arrived
1278,RG649,2025-05-25,8:00,20:45,2025-05-25,1:00,14:45,CDG,BKK,B737,AKE×17,P1P×3,20,Arrived
1279,RG487,2025-02-03,19:30,2:00,2025-02-03,13:30,20:00,GRU,LHR,B787,P1P×6,PMC×9,AMJ×8,23,Cancelled
1280,RG320,2025-05-16,1:30,4:45,2025-05-15,18:30,19:45,LAX,GRU,A350,PMC×19,P1P×12,AKE×2,33,Arrived
1281,RG400,2025-01-30,1:15,11:00,2025-01-29,16:15,3:00,SIN,SYD,A350,PMC×9,AMJ×5,14,Delayed
1282,RG488,2025-01-04,9:45,18:15,2025-01-04,3:45,12:15,SYD,DXB,B777-300ER,RKN×9,AMJ×4,P1P×9,22,Delayed
1283,RG799,2025-04-29,21:15,10:30,2025-04-29,13:15,3:30,DXB,SYD,A320,AKE×14,AMJ×4,PMC×17,35,Scheduled
1284,RG710,2025-04-25,11:15,0:45,2025-04-25,3:15,17:45,BKK,GRU,B787,AKE×20,20,Departed
1285,RG697,2025-06-13,3:00,6:15,2025-06-12,18:00,23:15,HND,LHR,B737,PMC×15,AKE×9,24,Cancelled
1286,RG641,2025-06-20,10:30,14:30,2025-06-20,2:30,8:30,LAX,GRU,B737,RKN×9,9,Departed
1287,RG376,2025-01-18,15:15,3:00,2025-01-18,8:15,18:00,HND,LHR,B787,P1P×15,AKE×9,24,Scheduled
1288,RG854,2025-01-19,2:30,17:15,2025-01-18,20:30,8:15,LHR,BKK,A320,PMC×11,RKN×13,AKE×19,43,Scheduled
1289,RG316,2025-05-06,15:45,23:45,2025-05-06,8:45,17:45,LAX,SIN,A320,AMJ×10,RKN×13,P1P×2,25,Scheduled
1290,RG266,2025-05-17,10:00,19:30,2025-05-17,3:00,12:30,SYD,BKK,B777-300ER,P1P×13,RKN×4,PMC×12,29,Cancelled
1291,RG617,2025-06-11,14:15,18:15,2025-06-11,7:15,12:15,GRU,JFK,B777-300ER,AKE×16,RKN×18,34,Cancelled
1292,RG381,2025-01-10,10:00,17:00,2025-01-10,1:00,11:00,JFK,SYD,B777-300ER,AMJ×19,P1P×8,RKN×3,30,Scheduled
1293,RG373,2025-02-06,15:00,0:00,2025-02-06,8:00,17:00,BKK,LHR,A380,RKN×4,4,Cancelled
1294,RG324,2025-02-13,18:00,21:00,2025-02-13,9:00,14:00,HND,JFK,B777-300ER,PMC×4,RKN×19,23,Delayed
1295,RG928,2025-03-24,6:00,17:15,2025-03-23,22:00,11:15,HND,CDG,A350,P1P×18,RKN×6,24,Cancelled
1296,RG649,2025-05-29,1:15,5:00,2025-05-28,18:15,23:00,SIN,HND,A320,P1P×3,3,Delayed
1297,RG470,2025-04-17,22:45,12:00,2025-04-17,15:45,5:00,CDG,SYD,B777-300ER,P1P×20,AMJ×2,22,Delayed
1298,RG320,2025-05-08,19:00,7:30,2025-05-08,11:00,22:30,BKK,SYD,A350,AKE×17,17,Scheduled
1299,RG621,2025-04-03,17:15,2:30,2025-04-03,9:15,20:30,JFK,HND,A350,PMC×6,AMJ×2,AKE×2,10,Arrived
1300,RG470,2025-02-23,13:30,21:15,2025-02-23,7:30,15:15,BKK,SYD,A350,AKE×16,16,Delayed
1301,RG658,2025-01-19,7:45,19:15,2025-01-18,22:45,12:15,DXB,JFK,A320,P1P×8,AKE×14,22,Departed
1302,RG314,2025-02-26,2:45,14:30,2025-02-25,20:45,5:30,LHR,JFK,B787,P1P×12,PMC×5,17,Cancelled
1303,RG217,2025-02-19,20:30,2:45,2025-02-19,12:30,19:45,BKK,GRU,B737,AKE×15,15,Cancelled
1304,RG846,2025-02-13,10:15,16:30,2025-02-13,3:15,9:30,HND,LAX,B787,P1P×15,PMC×9,24,Scheduled
1305,RG649,2025-04-20,23:15,4:45,2025-04-20,14:15,21:45,GRU,LHR,B787,PMC×2,2,Scheduled
1306,RG886,2025-05-10,1:45,12:30,2025-05-09,16:45,6:30,SIN,GRU,A350,AMJ×1,1,Cancelled
1307,RG452,2025-02-03,11:30,16:30,2025-02-03,5:30,7:30,CDG,LHR,A380,AMJ×15,AKE×15,30,Departed
1308,RG981,2025-04-14,5:30,18:15,2025-04-13,23:30,12:15,LAX,DXB,B787,RKN×14,14,Arrived
1309,RG357,2025-06-06,17:15,7:15,2025-06-06,9:15,1:15,SYD,DXB,A320,PMC×12,12,Cancelled
1310,RG621,2025-01-11,11:30,15:30,2025-01-11,4:30,8:30,DXB,JFK,B787,PMC×19,19,Departed
1311,RG214,2025-02-27,10:30,17:15,2025-02-27,2:30,11:15,HND,DXB,B737,PMC×16,AKE×18,34,Delayed
1312,RG296,2025-04-26,19:30,9:30,2025-04-26,12:30,0:30,HND,GRU,B777-300ER,RKN×3,3,Scheduled
1313,RG532,2025-03-12,3:15,12:30,2025-03-11,20:15,6:30,CDG,LAX,A380,P1P×14,PMC×15,AMJ×1,30,Arrived
1314,RG444,2025-01-17,0:15,10:45,2025-01-16,15:15,2:45,DXB,SIN,B787,AMJ×10,PMC×19,P1P×5,34,Arrived
1315,RG448,2025-03-08,7:45,15:15,2025-03-08,1:45,8:15,DXB,CDG,B777-300ER,AMJ×6,6,Delayed
1316,RG691,2025-02-16,5:15,9:30,2025-02-15,23:15,3:30,DXB,LHR,B777-300ER,RKN×7,P1P×18,25,Scheduled
1317,RG532,2025-03-23,11:15,19:00,2025-03-23,4:15,11:00,HND,BKK,B777-300ER,P1P×11,PMC×5,16,Scheduled
1318,RG887,2025-05-20,16:30,5:00,2025-05-20,7:30,21:00,GRU,LHR,B787,PMC×4,RKN×16,AMJ×2,22,Departed
1319,RG494,2025-05-22,3:30,6:15,2025-05-21,20:30,21:15,DXB,HND,B737,AMJ×7,7,Delayed
1320,RG835,2025-02-26,8:15,10:15,2025-02-25,23:15,4:15,SYD,LAX,A350,RKN×12,AKE×13,25,Departed
1321,RG838,2025-04-20,11:45,18:45,2025-04-20,3:45,10:45,DXB,CDG,B777-300ER,AKE×15,P1P×14,RKN×15,44,Arrived
1322,RG814,2025-04-19,23:45,3:45,2025-04-19,16:45,20:45,CDG,SIN,B787,AKE×3,PMC×1,4,Cancelled
1323,RG981,2025-03-11,13:15,0:00,2025-03-11,6:15,17:00,LHR,LAX,B737,PMC×19,AKE×10,P1P×16,45,Delayed
1324,RG887,2025-04-29,7:00,21:00,2025-04-29,0:00,13:00,CDG,SIN,A320,RKN×16,PMC×8,AKE×1,25,Scheduled
1325,RG261,2025-03-12,15:00,2:30,2025-03-12,6:00,17:30,CDG,SIN,A380,RKN×17,17,Delayed
1326,RG381,2025-03-08,5:00,9:30,2025-03-07,20:00,2:30,DXB,LHR,A320,RKN×12,PMC×2,14,Arrived
1327,RG296,2025-05-16,20:00,6:15,2025-05-16,13:00,0:15,GRU,LHR,B787,RKN×9,AMJ×12,21,Scheduled
1328,RG317,2025-05-29,11:15,13:30,2025-05-29,3:15,5:30,SIN,LAX,B737,AKE×7,7,Departed
1329,RG510,2025-02-26,6:00,14:45,2025-02-26,0:00,8:45,LHR,BKK,B777-300ER,RKN×5,AMJ×15,20,Delayed
1330,RG997,2025-03-29,5:30,7:30,2025-03-28,22:30,0:30,LHR,JFK,B737,P1P×5,5,Scheduled
1331,RG350,2025-06-26,3:00,5:45,2025-06-25,18:00,23:45,JFK,HND,A320,AMJ×4,AKE×9,P1P×2,15,Scheduled
1332,RG146,2025-06-20,0:00,14:00,2025-06-19,17:00,7:00,LHR,DXB,A320,P1P×9,9,Delayed
1333,RG564,2025-04-01,5:15,15:15,2025-03-31,23:15,9:15,SYD,JFK,A380,RKN×6,6,Delayed
1334,RG214,2025-01-26,6:45,14:00,2025-01-25,21:45,8:00,LHR,DXB,B777-300ER,P1P×14,AMJ×4,18,Arrived
1335,RG325,2025-04-30,3:15,12:45,2025-04-29,19:15,6:45,HND,DXB,B777-300ER,PMC×10,10,Cancelled
1336,RG697,2025-03-21,21:45,3:30,2025-03-21,13:45,18:30,JFK,HND,B777-300ER,RKN×16,P1P×4,AKE×13,33,Cancelled
1337,RG997,2025-06-18,21:00,0:15,2025-06-18,12:00,15:15,GRU,HND,A380,AKE×12,12,Departed
1338,RG203,2025-02-21,19:45,23:00,2025-02-21,10:45,14:00,CDG,GRU,A380,RKN×20,PMC×13,33,Cancelled
1339,RG167,2025-03-13,4:45,7:45,2025-03-12,20:45,22:45,SIN,JFK,A380,AKE×4,4,Scheduled
1340,RG130,2025-05-08,21:00,1:45,2025-05-08,13:00,18:45,CDG,HND,A320,AMJ×7,PMC×10,P1P×16,33,Cancelled
1341,RG374,2025-03-08,17:30,7:30,2025-03-08,11:30,22:30,HND,LAX,B777-300ER,PMC×15,AMJ×2,17,Scheduled
1342,RG259,2025-05-23,21:30,10:45,2025-05-23,12:30,1:45,LHR,CDG,A380,PMC×19,AKE×16,35,Delayed
1343,RG710,2025-05-19,18:45,4:00,2025-05-19,12:45,19:00,CDG,SIN,B787,AMJ×10,RKN×11,21,Scheduled
1344,RG242,2025-06-01,1:15,8:45,2025-05-31,19:15,0:45,LAX,HND,B777-300ER,RKN×12,PMC×2,14,Departed
1345,RG227,2025-03-02,20:30,7:30,2025-03-02,14:30,23:30,HND,DXB,A350,AMJ×11,11,Scheduled
1346,RG801,2025-06-18,13:45,19:45,2025-06-18,4:45,13:45,DXB,LAX,B787,RKN×16,AKE×4,20,Departed
1347,RG203,2025-05-08,16:30,21:00,2025-05-08,8:30,12:00,JFK,SIN,A380,AMJ×7,7,Arrived
1348,RG400,2025-01-13,9:45,0:00,2025-01-13,3:45,18:00,GRU,DXB,B737,AMJ×17,17,Cancelled
1349,RG267,2025-02-23,11:00,23:30,2025-02-23,3:00,14:30,SYD,DXB,A350,PMC×20,RKN×17,37,Cancelled
1350,RG710,2025-05-21,5:00,17:15,2025-05-20,20:00,10:15,SIN,CDG,A380,AMJ×2,PMC×17,RKN×7,26,Arrived
1351,RG432,2025-02-07,7:15,20:45,2025-02-06,22:15,11:45,DXB,HND,A380,PMC×9,9,Arrived
1352,RG256,2025-02-11,8:15,16:30,2025-02-11,2:15,9:30,JFK,BKK,A350,PMC×18,AMJ×14,32,Cancelled
1353,RG256,2025-01-10,6:15,12:30,2025-01-10,0:15,4:30,CDG,SYD,A350,AKE×2,PMC×3,AMJ×11,16,Delayed
1354,RG171,2025-01-17,13:30,1:30,2025-01-17,4:30,18:30,JFK,HND,B787,AMJ×19,AKE×17,RKN×9,45,Cancelled
1355,RG127,2025-03-02,19:00,9:30,2025-03-02,11:00,0:30,JFK,LAX,A350,AKE×6,6,Departed
1356,RG733,2025-04-23,13:30,0:30,2025-04-23,4:30,16:30,HND,DXB,B787,PMC×9,P1P×5,14,Arrived
1357,RG894,2025-04-05,9:00,21:00,2025-04-05,3:00,14:00,CDG,SYD,B777-300ER,RKN×18,AKE×8,26,Cancelled
1358,RG818,2025-01-03,12:30,18:30,2025-01-03,5:30,10:30,JFK,LHR,B777-300ER,RKN×9,PMC×3,AKE×16,28,Cancelled
1359,RG373,2025-04-16,10:45,14:00,2025-04-16,2:45,8:00,DXB,LAX,B787,AMJ×1,RKN×2,P1P×6,9,Cancelled
1360,RG212,2025-02-04,0:45,6:15,2025-02-03,16:45,0:15,HND,LHR,A350,P1P×15,PMC×16,AMJ×5,36,Arrived
1361,RG384,2025-06-25,18:30,9:00,2025-06-25,11:30,3:00,LAX,DXB,A350,PMC×1,P1P×1,2,Delayed
1362,RG256,2025-06-06,20:15,0:00,2025-06-06,13:15,16:00,LHR,BKK,B777-300ER,PMC×3,RKN×12,AKE×6,21,Delayed
1363,RG529,2025-01-04,22:45,13:30,2025-01-04,13:45,7:30,JFK,GRU,A350,RKN×13,PMC×5,18,Cancelled
1364,RG199,2025-06-03,6:30,19:45,2025-06-02,21:30,12:45,LAX,LHR,A320,RKN×20,P1P×15,35,Departed
1365,RG479,2025-05-30,21:45,0:45,2025-05-30,12:45,17:45,DXB,LAX,A380,PMC×14,14,Delayed
1366,RG180,2025-01-19,3:00,5:30,2025-01-18,20:00,20:30,DXB,BKK,A320,AMJ×10,PMC×13,23,Arrived
1367,RG703,2025-05-24,1:15,7:30,2025-05-23,16:15,23:30,SIN,LHR,A320,AMJ×5,PMC×9,14,Scheduled
1368,RG891,2025-01-12,4:45,11:15,2025-01-11,19:45,3:15,CDG,GRU,B787,PMC×11,P1P×16,27,Departed
1369,RG246,2025-06-18,20:45,23:00,2025-06-18,13:45,17:00,JFK,LHR,A320,RKN×15,P1P×14,29,Scheduled
1370,RG924,2025-01-11,14:30,4:15,2025-01-11,5:30,19:15,HND,LHR,A320,AKE×10,P1P×6,16,Departed
1371,RG448,2025-05-11,8:15,19:15,2025-05-11,1:15,10:15,HND,JFK,B777-300ER,AKE×10,RKN×4,AMJ×13,27,Arrived
1372,RG698,2025-01-28,10:15,12:15,2025-01-28,1:15,3:15,SIN,CDG,B787,AKE×20,RKN×15,AMJ×11,46,Delayed
1373,RG703,2025-02-24,1:30,8:30,2025-02-23,19:30,23:30,HND,LAX,B737,P1P×13,13,Scheduled
1374,RG350,2025-02-23,5:45,20:30,2025-02-22,21:45,13:30,HND,CDG,B777-300ER,RKN×12,P1P×4,16,Arrived
1375,RG316,2025-02-21,15:45,0:30,2025-02-21,7:45,15:30,HND,LAX,B737,P1P×14,PMC×3,RKN×2,19,Delayed
1376,RG489,2025-04-29,21:15,9:30,2025-04-29,12:15,3:30,CDG,SIN,B777-300ER,PMC×10,10,Departed
1377,RG559,2025-06-25,9:15,20:00,2025-06-25,1:15,14:00,SYD,HND,A320,AKE×4,PMC×15,P1P×19,38,Arrived
1378,RG750,2025-03-07,18:00,8:00,2025-03-07,12:00,23:00,LHR,GRU,B777-300ER,AKE×14,14,Arrived
1379,RG891,2025-05-31,23:45,14:30,2025-05-31,15:45,6:30,LHR,JFK,A350,AMJ×9,9,Scheduled
1380,RG488,2025-05-17,0:00,8:00,2025-05-16,18:00,1:00,SIN,GRU,A380,AMJ×10,PMC×20,30,Delayed
1381,RG473,2025-06-26,21:45,12:15,2025-06-26,15:45,5:15,LHR,BKK,A350,AKE×7,7,Scheduled
1382,RG467,2025-05-04,20:15,8:30,2025-05-04,11:15,1:30,HND,CDG,B777-300ER,PMC×14,14,Scheduled
1383,RG658,2025-02-12,4:45,14:30,2025-02-11,22:45,5:30,GRU,JFK,A350,AMJ×2,PMC×11,13,Scheduled
1384,RG833,2025-06-11,22:45,7:30,2025-06-11,14:45,1:30,SIN,LAX,B777-300ER,AMJ×2,PMC×17,AKE×1,20,Cancelled
1385,RG674,2025-03-22,17:00,23:45,2025-03-22,8:00,17:45,SIN,DXB,B777-300ER,PMC×10,AKE×7,AMJ×16,33,Arrived
1386,RG376,2025-03-01,16:15,3:45,2025-03-01,7:15,20:45,CDG,LAX,B777-300ER,RKN×20,PMC×7,AKE×10,37,Scheduled
1387,RG532,2025-05-04,4:15,9:30,2025-05-03,19:15,3:30,LAX,SIN,B737,P1P×18,18,Scheduled
1388,RG381,2025-04-02,8:30,20:45,2025-04-02,1:30,14:45,HND,DXB,B777-300ER,AMJ×8,8,Scheduled
1389,RG371,2025-02-27,15:30,23:00,2025-02-27,9:30,15:00,LHR,SYD,B787,AKE×15,AMJ×4,P1P×4,23,Delayed
1390,RG324,2025-01-27,17:00,3:00,2025-01-27,10:00,21:00,JFK,DXB,A350,RKN×16,PMC×4,AMJ×5,25,Arrived
1391,RG987,2025-02-05,3:15,13:00,2025-02-04,21:15,6:00,SIN,DXB,B737,P1P×12,AKE×14,AMJ×12,38,Departed
1392,RG877,2025-05-16,13:15,18:00,2025-05-16,4:15,9:00,SIN,SYD,A380,AKE×5,PMC×1,6,Delayed
1393,RG130,2025-01-22,10:30,18:45,2025-01-22,1:30,12:45,LAX,BKK,A380,P1P×17,AKE×10,RKN×14,41,Cancelled
1394,RG490,2025-06-29,17:30,7:00,2025-06-29,9:30,1:00,CDG,SYD,B787,PMC×15,15,Departed
1395,RG505,2025-06-09,19:45,9:15,2025-06-09,10:45,2:15,CDG,HND,A320,RKN×5,PMC×17,AMJ×18,40,Arrived
1396,RG967,2025-01-24,16:30,3:00,2025-01-24,9:30,21:00,BKK,SYD,B787,P1P×14,RKN×17,31,Scheduled
1397,RG868,2025-01-16,11:30,0:00,2025-01-16,5:30,18:00,HND,SIN,B737,AKE×8,PMC×19,P1P×19,46,Delayed
1398,RG538,2025-03-01,11:30,17:45,2025-03-01,2:30,10:45,HND,DXB,B787,P1P×4,RKN×5,AMJ×14,23,Cancelled
1399,RG338,2025-01-24,1:45,6:30,2025-01-23,18:45,21:30,HND,DXB,A380,PMC×19,AMJ×16,P1P×14,49,Cancelled
1400,RG579,2025-05-06,23:45,4:00,2025-05-06,16:45,19:00,SIN,LHR,A380,AMJ×7,AKE×15,RKN×16,38,Scheduled
1401,RG448,2025-02-10,17:30,21:15,2025-02-10,11:30,15:15,DXB,CDG,A320,P1P×10,AKE×12,AMJ×10,32,Arrived
1402,RG941,2025-01-08,4:15,19:00,2025-01-07,22:15,11:00,CDG,JFK,A350,PMC×18,AKE×12,AMJ×3,33,Scheduled
1403,RG646,2025-05-04,18:30,6:15,2025-05-04,10:30,21:15,SIN,LHR,A350,PMC×15,AMJ×5,RKN×11,31,Scheduled
1404,RG605,2025-06-20,19:45,4:00,2025-06-20,10:45,20:00,SYD,BKK,A380,RKN×6,AKE×1,7,Delayed
1405,RG873,2025-03-21,17:00,5:00,2025-03-21,10:00,23:00,GRU,SYD,A350,AMJ×4,AKE×18,22,Departed
1406,RG381,2025-03-12,6:15,20:00,2025-03-12,0:15,12:00,LAX,BKK,B777-300ER,RKN×14,14,Departed
1407,RG646,2025-01-07,16:30,1:00,2025-01-07,10:30,19:00,HND,SYD,A350,P1P×9,AMJ×3,12,Departed
1408,RG777,2025-04-15,21:15,23:45,2025-04-15,14:15,17:45,BKK,CDG,B777-300ER,RKN×5,5,Cancelled
1409,RG181,2025-03-08,12:00,14:15,2025-03-08,5:00,7:15,SIN,SYD,B787,AKE×2,RKN×11,13,Cancelled
1410,RG569,2025-04-15,2:45,5:30,2025-04-14,19:45,23:30,CDG,SYD,B787,AKE×5,P1P×10,RKN×19,34,Cancelled
1411,RG804,2025-01-22,20:15,10:30,2025-01-22,12:15,3:30,JFK,SYD,B777-300ER,PMC×15,AKE×20,AMJ×10,45,Departed
1412,RG754,2025-01-16,15:30,3:00,2025-01-16,6:30,19:00,JFK,SYD,B737,P1P×18,18,Delayed
1413,RG130,2025-03-18,2:45,15:45,2025-03-17,19:45,7:45,LAX,JFK,B787,RKN×9,AMJ×15,PMC×9,33,Departed
1414,RG796,2025-03-24,10:15,19:45,2025-03-24,4:15,12:45,BKK,SIN,A320,P1P×14,14,Delayed
1415,RG357,2025-06-30,15:45,1:45,2025-06-30,9:45,19:45,SIN,HND,B737,AMJ×13,RKN×6,19,Scheduled
1416,RG325,2025-04-29,11:15,20:15,2025-04-29,4:15,14:15,CDG,DXB,A350,AMJ×10,10,Departed
1417,RG144,2025-05-07,11:00,17:45,2025-05-07,4:00,11:45,JFK,LAX,A320,AMJ×6,PMC×18,24,Departed
1418,RG911,2025-05-25,21:15,0:30,2025-05-25,15:15,17:30,CDG,JFK,B787,RKN×1,P1P×18,AMJ×20,39,Arrived
1419,RG490,2025-05-24,14:00,22:00,2025-05-24,6:00,13:00,LAX,CDG,A320,AMJ×12,PMC×17,P1P×2,31,Departed
1420,RG658,2025-03-13,13:45,20:45,2025-03-13,4:45,13:45,DXB,HND,B787,P1P×14,14,Scheduled
1421,RG227,2025-02-20,5:30,11:30,2025-02-19,23:30,5:30,SIN,LAX,A320,RKN×4,AMJ×16,AKE×8,28,Arrived
1422,RG189,2025-03-27,16:15,20:00,2025-03-27,10:15,11:00,GRU,HND,A320,AKE×13,13,Arrived
1423,RG641,2025-01-17,4:00,18:45,2025-01-16,22:00,10:45,GRU,LAX,A320,AKE×18,18,Scheduled
1424,RG821,2025-04-08,12:00,23:45,2025-04-08,5:00,17:45,SIN,LAX,B777-300ER,AMJ×11,AKE×1,12,Cancelled
1425,RG680,2025-03-26,18:15,21:15,2025-03-26,12:15,15:15,GRU,JFK,B787,AMJ×9,9,Arrived
1426,RG846,2025-05-04,23:45,4:00,2025-05-04,16:45,22:00,BKK,LHR,B737,PMC×19,RKN×18,P1P×5,42,Departed
1427,RG886,2025-03-21,19:30,2:00,2025-03-21,13:30,19:00,BKK,JFK,B787,AKE×7,PMC×7,P1P×7,21,Scheduled
1428,RG489,2025-02-18,21:45,11:30,2025-02-18,13:45,3:30,GRU,CDG,B777-300ER,P1P×15,AKE×2,17,Cancelled
1429,RG718,2025-01-01,20:15,9:30,2025-01-01,11:15,2:30,JFK,SIN,A380,PMC×13,P1P×6,19,Scheduled
1430,RG473,2025-01-03,2:30,4:30,2025-01-02,19:30,20:30,SIN,JFK,A380,RKN×7,AKE×7,PMC×10,24,Departed
1431,RG718,2025-03-09,23:15,6:30,2025-03-09,16:15,23:30,BKK,LHR,B737,AKE×5,5,Cancelled
1432,RG263,2025-01-29,10:15,17:00,2025-01-29,3:15,9:00,DXB,LHR,B787,PMC×5,AKE×5,AMJ×7,17,Departed
1433,RG317,2025-04-07,22:30,6:15,2025-04-07,15:30,0:15,GRU,JFK,B787,P1P×8,RKN×2,10,Arrived
1434,RG559,2025-05-11,18:45,23:45,2025-05-11,9:45,17:45,LHR,SYD,B777-300ER,AMJ×17,RKN×15,P1P×6,38,Arrived
1435,RG796,2025-04-06,16:45,6:30,2025-04-06,7:45,22:30,GRU,LAX,A380,AKE×7,P1P×15,AMJ×8,30,Cancelled
1436,RG452,2025-03-20,13:45,1:00,2025-03-20,5:45,17:00,SYD,HND,A350,RKN×15,15,Delayed
1437,RG750,2025-02-28,18:00,3:30,2025-02-28,9:00,18:30,SIN,LAX,B777-300ER,PMC×9,RKN×13,22,Scheduled
1438,RG259,2025-04-24,7:30,19:30,2025-04-23,23:30,13:30,CDG,SYD,B787,AKE×4,RKN×4,AMJ×3,11,Arrived
1439,RG204,2025-05-20,6:30,12:00,2025-05-19,22:30,4:00,CDG,JFK,A380,P1P×10,RKN×10,AKE×12,32,Cancelled
1440,RG723,2025-05-29,20:00,5:15,2025-05-29,11:00,22:15,JFK,GRU,B777-300ER,AMJ×19,19,Delayed
1441,RG400,2025-04-30,23:45,6:45,2025-04-30,15:45,23:45,LAX,GRU,A350,PMC×12,AKE×5,17,Delayed
1442,RG559,2025-03-20,23:00,8:30,2025-03-20,15:00,1:30,LAX,GRU,A380,AMJ×11,RKN×19,30,Scheduled
1443,RG352,2025-01-09,4:15,12:00,2025-01-08,19:15,5:00,LAX,HND,B787,P1P×4,PMC×11,15,Delayed
1444,RG670,2025-06-13,9:00,13:00,2025-06-13,2:00,7:00,GRU,SIN,A320,P1P×3,3,Cancelled
1445,RG470,2025-02-22,7:30,19:30,2025-02-21,22:30,13:30,DXB,SYD,A320,RKN×14,14,Cancelled
1446,RG263,2025-01-29,4:45,13:45,2025-01-28,19:45,6:45,LHR,JFK,B737,PMC×20,P1P×19,39,Arrived
1447,RG864,2025-02-21,16:45,23:00,2025-02-21,10:45,16:00,SIN,HND,B777-300ER,P1P×16,RKN×15,PMC×15,46,Delayed
1448,RG792,2025-01-24,9:45,17:15,2025-01-24,0:45,10:15,LAX,JFK,A350,PMC×6,AMJ×19,P1P×4,29,Cancelled
1449,RG357,2025-01-12,7:15,13:45,2025-01-12,1:15,6:45,SIN,LAX,B787,RKN×3,3,Scheduled
1450,RG374,2025-03-25,13:45,18:15,2025-03-25,6:45,12:15,SIN,BKK,A320,PMC×13,AMJ×7,P1P×13,33,Scheduled
1451,RG125,2025-03-06,3:15,11:00,2025-03-05,18:15,2:00,HND,GRU,B787,P1P×16,PMC×9,AKE×6,31,Departed
1452,RG381,2025-06-05,3:15,9:15,2025-06-04,18:15,2:15,HND,BKK,A380,P1P×12,PMC×6,18,Departed
1453,RG796,2025-01-09,21:15,6:15,2025-01-09,15:15,21:15,CDG,SIN,A320,AKE×7,AMJ×8,P1P×12,27,Departed
1454,RG489,2025-01-24,0:45,2:45,2025-01-23,16:45,19:45,HND,JFK,A320,P1P×14,AMJ×17,AKE×4,35,Arrived
1455,RG181,2025-05-24,20:15,7:30,2025-05-24,11:15,22:30,HND,JFK,A350,RKN×11,11,Departed
1456,RG859,2025-04-13,20:30,23:15,2025-04-13,13:30,14:15,JFK,HND,A380,AMJ×2,RKN×3,5,Departed
1457,RG275,2025-03-19,19:45,23:00,2025-03-19,11:45,17:00,GRU,DXB,A380,PMC×6,P1P×11,AMJ×16,33,Scheduled
1458,RG987,2025-01-05,19:45,4:00,2025-01-05,13:45,21:00,BKK,HND,B737,PMC×8,8,Delayed
1459,RG338,2025-01-16,4:30,14:00,2025-01-15,21:30,7:00,LAX,JFK,A380,P1P×20,20,Cancelled
1460,RG887,2025-03-26,4:30,11:30,2025-03-25,19:30,3:30,BKK,JFK,A380,RKN×7,P1P×18,25,Scheduled
1461,RG532,2025-03-05,21:15,9:00,2025-03-05,13:15,2:00,SIN,BKK,A320,AKE×2,P1P×5,7,Departed
1462,RG559,2025-01-24,5:15,10:15,2025-01-23,20:15,1:15,CDG,LHR,A380,P1P×14,14,Departed
1463,RG470,2025-03-05,9:30,21:15,2025-03-05,2:30,13:15,SIN,HND,B737,PMC×16,P1P×15,31,Cancelled
1464,RG374,2025-06-06,23:45,14:00,2025-06-06,14:45,8:00,LAX,GRU,A320,AMJ×18,P1P×6,24,Arrived
1465,RG786,2025-04-29,9:45,16:30,2025-04-29,0:45,10:30,DXB,LHR,A380,P1P×7,AMJ×1,8,Scheduled
1466,RG510,2025-04-06,15:45,0:30,2025-04-06,7:45,15:30,SIN,CDG,A380,AKE×4,PMC×13,AMJ×19,36,Departed
1467,RG204,2025-04-22,8:30,19:15,2025-04-22,0:30,13:15,LAX,GRU,A380,P1P×16,16,Scheduled
1468,RG473,2025-06-11,22:00,11:15,2025-06-11,14:00,2:15,LHR,CDG,A350,AMJ×4,P1P×3,AKE×13,20,Cancelled
1469,RG981,2025-05-31,2:15,10:30,2025-05-30,17:15,2:30,CDG,SYD,B787,PMC×14,RKN×3,AMJ×4,21,Delayed
1470,RG839,2025-03-30,4:30,17:45,2025-03-29,19:30,9:45,BKK,LHR,B777-300ER,AKE×3,3,Cancelled
1471,RG835,2025-04-17,20:30,10:15,2025-04-17,13:30,3:15,DXB,LHR,A380,P1P×16,16,Departed
1472,RG510,2025-01-29,14:15,18:30,2025-01-29,8:15,11:30,JFK,CDG,B777-300ER,AMJ×6,AKE×3,9,Arrived
1473,RG617,2025-04-07,3:30,7:00,2025-04-06,21:30,0:00,SIN,GRU,A380,AKE×2,2,Arrived
1474,RG214,2025-01-02,21:00,0:15,2025-01-02,15:00,15:15,GRU,SYD,B737,PMC×20,RKN×14,34,Arrived
1475,RG479,2025-06-24,10:30,16:00,2025-06-24,1:30,7:00,GRU,BKK,B737,AKE×15,AMJ×13,28,Departed
1476,RG328,2025-06-04,3:30,16:45,2025-06-03,19:30,7:45,GRU,SIN,B787,P1P×11,AKE×1,12,Arrived
1477,RG858,2025-03-25,21:45,3:30,2025-03-25,12:45,21:30,DXB,LAX,B777-300ER,AKE×20,PMC×7,P1P×5,32,Delayed
1478,RG862,2025-05-10,1:15,10:15,2025-05-09,17:15,1:15,LHR,SIN,A320,AMJ×8,P1P×7,15,Departed
1479,RG214,2025-06-18,22:00,1:45,2025-06-18,16:00,18:45,DXB,LAX,B737,RKN×16,16,Scheduled
1480,RG532,2025-02-04,17:45,21:15,2025-02-04,10:45,15:15,DXB,LAX,A380,PMC×8,AMJ×9,AKE×4,21,Arrived
1481,RG716,2025-01-29,2:30,15:45,2025-01-28,20:30,7:45,LHR,DXB,B777-300ER,AKE×19,RKN×18,AMJ×7,44,Cancelled
1482,RG350,2025-03-23,11:15,21:30,2025-03-23,5:15,12:30,BKK,SYD,B777-300ER,P1P×8,RKN×16,24,Cancelled
1483,RG106,2025-06-03,9:15,22:15,2025-06-03,1:15,14:15,SYD,HND,B737,AMJ×7,PMC×16,RKN×10,33,Cancelled
1484,RG532,2025-03-27,4:15,17:30,2025-03-26,22:15,10:30,SIN,LAX,B737,P1P×13,AKE×11,RKN×14,38,Cancelled
1485,RG564,2025-04-11,12:00,22:30,2025-04-11,4:00,15:30,SYD,LAX,A320,RKN×19,19,Scheduled
1486,RG111,2025-03-19,14:15,1:30,2025-03-19,5:15,16:30,CDG,LHR,A350,P1P×1,1,Arrived
1487,RG798,2025-05-28,3:15,12:00,2025-05-27,20:15,6:00,HND,DXB,B777-300ER,AKE×4,4,Delayed
1488,RG742,2025-03-28,18:45,23:30,2025-03-28,11:45,17:30,HND,JFK,B777-300ER,RKN×13,P1P×3,16,Cancelled
1489,RG742,2025-04-08,8:45,15:45,2025-04-08,2:45,9:45,HND,GRU,B777-300ER,AMJ×19,P1P×19,AKE×19,57,Cancelled
1490,RG733,2025-06-27,23:00,13:15,2025-06-27,14:00,4:15,LAX,CDG,B787,AKE×11,11,Scheduled
1491,RG796,2025-05-18,5:45,18:45,2025-05-17,20:45,9:45,HND,SYD,B787,AKE×4,P1P×6,RKN×20,30,Departed
1492,RG214,2025-05-23,14:30,17:30,2025-05-23,7:30,10:30,LHR,HND,B787,AKE×4,AMJ×17,21,Arrived
1493,RG266,2025-05-20,5:45,17:45,2025-05-19,22:45,9:45,BKK,SYD,B737,AMJ×19,PMC×16,AKE×11,46,Delayed
1494,RG750,2025-06-05,17:15,6:15,2025-06-05,11:15,23:15,BKK,JFK,A350,P1P×20,AMJ×18,38,Departed
1495,RG698,2025-04-02,8:15,22:00,2025-04-02,2:15,14:00,CDG,LAX,A380,PMC×15,15,Scheduled
1496,RG180,2025-06-23,13:15,23:30,2025-06-23,7:15,15:30,JFK,DXB,B787,AMJ×5,P1P×11,PMC×14,30,Cancelled
1497,RG328,2025-06-04,7:00,13:00,2025-06-04,1:00,4:00,HND,DXB,A380,RKN×11,11,Arrived
1498,RG106,2025-02-27,8:00,11:45,2025-02-27,1:00,2:45,HND,GRU,A350,RKN×17,PMC×12,AKE×19,48,Arrived
1499,RG569,2025-03-11,19:00,21:15,2025-03-11,11:00,12:15,LHR,DXB,A380,AMJ×19,PMC×5,P1P×9,33,Scheduled
1500,RG710,2025-05-12,22:15,10:30,2025-05-12,15:15,1:30,GRU,CDG,A320,RKN×20,P1P×14,AMJ×15,49,Departed
1501,RG376,2025-04-01,14:30,21:15,2025-04-01,7:30,13:15,HND,CDG,B777-300ER,AKE×3,AMJ×8,11,Scheduled
1502,RG532,2025-05-28,1:00,14:30,2025-05-27,16:00,8:30,LAX,SYD,A380,PMC×16,16,Delayed
1503,RG710,2025-06-23,17:00,1:00,2025-06-23,10:00,19:00,LAX,SYD,A380,P1P×20,AKE×15,35,Departed
1504,RG165,2025-05-15,7:15,10:45,2025-05-15,0:15,2:45,BKK,LAX,B777-300ER,P1P×4,RKN×11,15,Departed
1505,RG611,2025-01-31,9:30,19:00,2025-01-31,1:30,12:00,BKK,LAX,A350,AMJ×15,AKE×20,35,Cancelled
1506,RG704,2025-04-02,0:45,8:15,2025-04-01,16:45,2:15,BKK,DXB,A380,PMC×12,12,Scheduled
1507,RG303,2025-04-21,15:15,18:30,2025-04-21,6:15,12:30,SIN,BKK,A350,RKN×13,P1P×12,PMC×10,35,Arrived
1508,RG267,2025-02-16,17:30,21:15,2025-02-16,8:30,14:15,LHR,DXB,A380,AKE×7,RKN×4,11,Departed
1509,RG470,2025-01-11,4:45,13:15,2025-01-10,22:45,6:15,JFK,SIN,A380,AKE×16,PMC×18,34,Cancelled
1510,RG490,2025-02-02,10:45,21:30,2025-02-02,3:45,15:30,HND,BKK,A350,RKN×17,17,Scheduled
1511,RG564,2025-06-25,7:00,19:30,2025-06-24,22:00,13:30,LAX,SIN,B737,PMC×14,AKE×8,22,Delayed
1512,RG925,2025-05-11,5:15,11:15,2025-05-10,21:15,4:15,LAX,JFK,B777-300ER,AKE×19,P1P×5,AMJ×8,32,Scheduled
1513,RG703,2025-04-13,1:30,6:45,2025-04-12,16:30,0:45,GRU,JFK,A320,PMC×14,14,Delayed
1514,RG777,2025-06-29,20:15,1:45,2025-06-29,11:15,16:45,BKK,SYD,B777-300ER,AKE×9,RKN×12,AMJ×9,30,Arrived
1515,RG796,2025-04-18,7:30,9:45,2025-04-18,1:30,3:45,BKK,DXB,A350,PMC×20,RKN×4,24,Cancelled
1516,RG881,2025-03-06,15:30,23:00,2025-03-06,9:30,17:00,BKK,SYD,A350,RKN×19,AMJ×17,36,Delayed
1517,RG463,2025-03-02,20:30,2:15,2025-03-02,14:30,20:15,LHR,HND,A320,P1P×15,AMJ×4,RKN×3,22,Delayed
1518,RG621,2025-03-29,9:45,0:00,2025-03-29,2:45,18:00,LHR,JFK,B777-300ER,RKN×15,AMJ×4,P1P×14,33,Scheduled
1519,RG334,2025-04-18,16:00,20:30,2025-04-18,9:00,12:30,BKK,GRU,A380,PMC×16,16,Delayed
1520,RG316,2025-01-20,5:45,20:30,2025-01-19,20:45,11:30,GRU,CDG,A350,AKE×6,6,Delayed
1521,RG452,2025-06-01,22:00,12:45,2025-06-01,14:00,4:45,JFK,CDG,A380,AMJ×6,AKE×8,14,Scheduled
1522,RG317,2025-03-02,9:00,21:15,2025-03-02,1:00,14:15,CDG,BKK,A380,P1P×18,18,Scheduled
1523,RG754,2025-06-16,11:30,18:30,2025-06-16,3:30,11:30,LAX,CDG,B737,AKE×12,12,Departed
1524,RG868,2025-03-13,5:30,7:30,2025-03-12,20:30,23:30,GRU,SYD,A350,P1P×9,RKN×7,16,Delayed
1525,RG873,2025-04-12,4:45,10:30,2025-04-11,20:45,3:30,SIN,HND,B777-300ER,PMC×6,6,Departed
1526,RG444,2025-05-26,15:15,3:45,2025-05-26,9:15,19:45,LHR,GRU,B777-300ER,AMJ×5,P1P×3,AKE×14,22,Departed
1527,RG324,2025-06-15,12:00,1:15,2025-06-15,6:00,19:15,LAX,GRU,A320,AKE×2,2,Departed
1528,RG227,2025-01-22,8:15,20:15,2025-01-22,2:15,14:15,SYD,DXB,A380,P1P×5,5,Cancelled
1529,RG545,2025-05-25,14:15,20:45,2025-05-25,5:15,13:45,JFK,BKK,B787,RKN×2,AKE×4,PMC×18,24,Arrived
1530,RG833,2025-05-11,13:15,15:30,2025-05-11,7:15,8:30,LAX,GRU,A350,RKN×13,P1P×4,17,Cancelled
1531,RG448,2025-01-29,7:00,13:30,2025-01-29,1:00,5:30,HND,DXB,A320,AMJ×5,5,Departed
1532,RG267,2025-05-16,10:15,23:00,2025-05-16,3:15,15:00,GRU,CDG,B737,RKN×16,16,Arrived
1533,RG400,2025-01-20,0:15,14:30,2025-01-19,16:15,7:30,LAX,SIN,A380,AKE×19,AMJ×14,33,Arrived
1534,RG106,2025-01-24,10:15,15:00,2025-01-24,2:15,7:00,SIN,LAX,B777-300ER,PMC×8,RKN×13,AKE×14,35,Delayed
1535,RG423,2025-05-18,17:45,4:00,2025-05-18,8:45,22:00,GRU,LAX,B787,P1P×12,AKE×1,PMC×7,20,Scheduled
1536,RG473,2025-05-23,15:15,18:15,2025-05-23,7:15,10:15,LHR,CDG,B777-300ER,AMJ×14,14,Departed
1537,RG467,2025-02-27,1:15,4:30,2025-02-26,16:15,22:30,LAX,DXB,A320,AKE×20,AMJ×6,P1P×1,27,Departed
1538,RG266,2025-02-06,2:15,5:15,2025-02-05,17:15,22:15,LHR,SIN,A380,AMJ×10,10,Cancelled
1539,RG275,2025-03-28,14:00,20:00,2025-03-28,7:00,14:00,BKK,LHR,B787,AKE×13,13,Cancelled
1540,RG490,2025-04-27,17:30,5:00,2025-04-27,10:30,20:00,LHR,CDG,A320,PMC×7,P1P×13,RKN×20,40,Scheduled
1541,RG718,2025-04-11,5:00,18:45,2025-04-10,20:00,10:45,LAX,GRU,A350,RKN×14,14,Departed
1542,RG743,2025-01-28,3:00,10:30,2025-01-27,21:00,3:30,CDG,LHR,B787,AKE×7,7,Delayed
1543,RG125,2025-03-21,6:15,18:15,2025-03-20,23:15,10:15,HND,BKK,B787,AKE×11,AMJ×3,14,Arrived
1544,RG125,2025-04-02,9:45,20:00,2025-04-02,1:45,11:00,DXB,LHR,A380,AKE×17,RKN×4,P1P×17,38,Departed
1545,RG328,2025-05-31,12:45,23:45,2025-05-31,4:45,16:45,LHR,SIN,A320,AKE×5,P1P×6,AMJ×17,28,Delayed
1546,RG649,2025-06-05,20:30,5:45,2025-06-05,12:30,21:45,DXB,LAX,A320,PMC×20,P1P×20,AKE×3,43,Departed
1547,RG352,2025-06-10,15:00,5:00,2025-06-10,8:00,21:00,SYD,HND,B777-300ER,PMC×11,11,Departed
1548,RG821,2025-02-11,2:30,14:00,2025-02-10,18:30,8:00,HND,LHR,A380,RKN×9,PMC×15,24,Departed
1549,RG325,2025-05-26,15:00,22:30,2025-05-26,6:00,13:30,GRU,LHR,B777-300ER,AMJ×12,RKN×3,15,Cancelled
1550,RG374,2025-04-26,8:00,19:00,2025-04-26,1:00,13:00,LHR,HND,B737,P1P×3,PMC×8,11,Cancelled
1551,RG432,2025-06-21,2:30,12:15,2025-06-20,17:30,6:15,HND,LHR,A380,PMC×14,14,Departed
1552,RG173,2025-03-26,2:30,10:15,2025-03-25,19:30,1:15,HND,CDG,B777-300ER,AMJ×5,5,Cancelled
1553,RG106,2025-06-13,6:30,17:30,2025-06-12,21:30,11:30,DXB,LAX,B777-300ER,AKE×7,7,Scheduled
1554,RG545,2025-06-25,13:30,19:45,2025-06-25,7:30,12:45,HND,CDG,B777-300ER,RKN×15,15,Cancelled
1555,RG835,2025-02-24,21:30,1:30,2025-02-24,15:30,16:30,DXB,CDG,A350,RKN×14,14,Cancelled
1556,RG894,2025-05-18,22:15,12:00,2025-05-18,14:15,3:00,BKK,SYD,B787,AKE×19,19,Delayed
1557,RG106,2025-03-24,21:30,23:45,2025-03-24,12:30,16:45,SIN,DXB,A320,PMC×1,RKN×15,AMJ×5,21,Cancelled
1558,RG981,2025-05-29,3:00,8:15,2025-05-28,18:00,1:15,GRU,LAX,A350,P1P×19,AMJ×1,20,Arrived
1559,RG266,2025-01-05,9:30,19:30,2025-01-05,0:30,10:30,LAX,GRU,B737,AMJ×17,PMC×11,28,Scheduled
1560,RG259,2025-04-28,13:30,17:45,2025-04-28,4:30,8:45,CDG,LAX,A380,AMJ×3,AKE×4,7,Scheduled
1561,RG742,2025-01-05,19:45,23:30,2025-01-05,13:45,14:30,SYD,BKK,A380,PMC×8,P1P×15,23,Delayed
1562,RG786,2025-01-30,6:45,10:15,2025-01-29,21:45,1:15,LAX,BKK,B737,AMJ×10,10,Arrived
1563,RG911,2025-03-09,9:45,22:00,2025-03-09,3:45,13:00,BKK,GRU,A320,RKN×17,17,Delayed
1564,RG396,2025-03-27,5:45,11:30,2025-03-26,22:45,2:30,BKK,LAX,A350,PMC×11,P1P×17,AMJ×6,34,Cancelled
1565,RG144,2025-01-26,22:15,8:15,2025-01-26,13:15,0:15,SYD,LHR,B737,AKE×3,3,Scheduled
1566,RG488,2025-01-03,20:15,22:15,2025-01-03,11:15,16:15,LHR,SIN,A380,RKN×8,P1P×10,AKE×7,25,Delayed
1567,RG649,2025-04-07,8:00,14:00,2025-04-07,1:00,8:00,GRU,HND,A320,AMJ×4,AKE×5,9,Arrived
1568,RG400,2025-02-16,2:00,11:30,2025-02-15,19:00,2:30,HND,SIN,A320,AKE×3,PMC×7,10,Cancelled
1569,RG314,2025-03-22,20:45,11:00,2025-03-22,13:45,3:00,BKK,LHR,A380,AMJ×11,AKE×12,PMC×16,39,Delayed
1570,RG697,2025-05-20,0:15,10:45,2025-05-19,18:15,3:45,GRU,BKK,B787,AMJ×17,17,Departed
1571,RG452,2025-04-04,3:15,5:45,2025-04-03,20:15,22:45,HND,LHR,B737,PMC×3,P1P×12,15,Delayed
1572,RG742,2025-03-17,14:45,23:30,2025-03-17,7:45,15:30,LHR,JFK,A380,RKN×19,PMC×19,AKE×10,48,Departed
1573,RG199,2025-05-05,13:45,22:15,2025-05-05,5:45,16:15,GRU,LAX,B777-300ER,AMJ×12,12,Arrived
1574,RG873,2025-01-17,14:15,16:45,2025-01-17,5:15,8:45,GRU,SYD,B737,AKE×6,AMJ×11,17,Cancelled
1575,RG881,2025-04-02,7:00,12:30,2025-04-01,23:00,5:30,DXB,HND,A320,AKE×7,RKN×15,22,Delayed
1576,RG181,2025-03-01,17:00,1:30,2025-03-01,10:00,18:30,HND,SYD,B737,AMJ×14,AKE×14,RKN×11,39,Arrived
1577,RG194,2025-02-20,1:45,10:45,2025-02-19,17:45,1:45,HND,GRU,B777-300ER,AMJ×11,11,Delayed
1578,RG373,2025-03-02,18:00,0:00,2025-03-02,12:00,15:00,CDG,LHR,B777-300ER,AMJ×17,17,Scheduled
1579,RG203,2025-06-15,0:00,9:00,2025-06-14,15:00,1:00,CDG,DXB,B737,AKE×16,RKN×20,36,Scheduled
1580,RG799,2025-03-18,22:45,7:45,2025-03-18,14:45,1:45,BKK,JFK,A320,P1P×4,4,Arrived
1581,RG579,2025-04-22,7:15,10:30,2025-04-21,23:15,4:30,BKK,CDG,A320,AKE×10,10,Scheduled
1582,RG400,2025-03-26,22:45,5:00,2025-03-26,15:45,20:00,HND,LHR,B737,AMJ×14,14,Cancelled
1583,RG710,2025-02-01,16:15,4:00,2025-02-01,7:15,20:00,DXB,SIN,A350,RKN×10,10,Scheduled
1584,RG750,2025-05-23,7:15,20:15,2025-05-23,1:15,11:15,BKK,JFK,A320,P1P×7,PMC×16,AMJ×4,27,Arrived
1585,RG467,2025-06-01,16:30,7:00,2025-06-01,7:30,0:00,SYD,HND,A350,RKN×13,13,Cancelled
1586,RG621,2025-05-12,6:45,11:45,2025-05-11,22:45,2:45,LHR,CDG,B787,AKE×4,P1P×4,PMC×8,16,Scheduled
1587,RG801,2025-02-17,8:00,17:45,2025-02-17,0:00,9:45,HND,SYD,A320,PMC×5,P1P×13,18,Delayed
1588,RG573,2025-05-11,10:00,19:30,2025-05-11,2:00,13:30,BKK,LAX,A380,P1P×7,RKN×13,20,Departed
1589,RG538,2025-03-12,16:45,3:30,2025-03-12,10:45,21:30,JFK,HND,A350,AKE×2,2,Delayed
1590,RG949,2025-03-03,2:00,8:15,2025-03-02,17:00,23:15,LAX,HND,A350,RKN×6,PMC×7,AKE×12,25,Arrived
1591,RG981,2025-06-02,9:00,12:15,2025-06-02,0:00,4:15,JFK,LHR,B737,AKE×11,P1P×15,AMJ×5,31,Scheduled
1592,RG532,2025-05-02,13:30,15:45,2025-05-02,5:30,9:45,LHR,BKK,B787,PMC×16,AKE×8,24,Cancelled
1593,RG818,2025-01-12,0:30,5:45,2025-01-11,17:30,23:45,HND,CDG,A380,PMC×12,AMJ×18,30,Arrived
1594,RG796,2025-05-05,8:30,17:30,2025-05-05,0:30,9:30,DXB,SYD,A380,PMC×17,AKE×1,P1P×5,23,Cancelled
1595,RG718,2025-06-18,4:30,13:30,2025-06-17,21:30,4:30,DXB,JFK,A380,P1P×13,13,Scheduled
1596,RG733,2025-06-10,21:45,8:00,2025-06-10,13:45,0:00,DXB,LAX,B787,RKN×7,AMJ×2,9,Delayed
1597,RG997,2025-06-29,10:00,18:45,2025-06-29,2:00,10:45,HND,BKK,B777-300ER,P1P×5,PMC×17,RKN×10,32,Delayed
1598,RG246,2025-06-20,5:30,15:00,2025-06-19,23:30,7:00,BKK,SIN,A320,RKN×19,19,Scheduled
1599,RG189,2025-05-06,9:00,17:30,2025-05-06,3:00,11:30,CDG,LHR,B737,AMJ×3,P1P×9,12,Departed
1600,RG868,2025-02-20,13:00,19:15,2025-02-20,7:00,10:15,DXB,JFK,A380,PMC×4,AMJ×9,P1P×10,23,Delayed
1601,RG333,2025-02-14,18:45,7:15,2025-02-14,11:45,0:15,CDG,LHR,B777-300ER,P1P×3,RKN×10,AMJ×19,32,Cancelled
1602,RG505,2025-02-16,12:45,16:00,2025-02-16,3:45,8:00,SYD,DXB,B777-300ER,PMC×14,AMJ×14,28,Cancelled
1603,RG242,2025-05-24,0:45,4:00,2025-05-23,16:45,21:00,GRU,SYD,B737,AMJ×18,18,Delayed
1604,RG821,2025-01-14,12:15,20:15,2025-01-14,3:15,11:15,BKK,HND,A320,AKE×20,RKN×4,24,Arrived
1605,RG242,2025-05-04,22:30,0:30,2025-05-04,16:30,17:30,SYD,LHR,B787,PMC×5,P1P×10,AKE×10,25,Scheduled
1606,RG941,2025-06-09,22:15,1:15,2025-06-09,16:15,18:15,GRU,HND,B787,P1P×7,7,Scheduled
1607,RG894,2025-01-07,16:45,0:45,2025-01-07,10:45,16:45,LAX,SIN,A350,AMJ×9,9,Delayed
1608,RG490,2025-04-23,21:00,5:15,2025-04-23,15:00,22:15,LHR,JFK,A350,AMJ×16,P1P×10,PMC×10,36,Scheduled
1609,RG864,2025-05-07,11:30,20:15,2025-05-07,5:30,11:15,LAX,GRU,A350,RKN×15,15,Scheduled
1610,RG242,2025-04-10,0:30,3:15,2025-04-09,18:30,19:15,LHR,SIN,A380,RKN×6,AKE×12,18,Delayed
1611,RG510,2025-02-23,11:45,21:45,2025-02-23,4:45,14:45,DXB,GRU,B777-300ER,P1P×10,RKN×13,PMC×3,26,Cancelled
1612,RG314,2025-05-01,19:15,6:45,2025-05-01,12:15,22:45,GRU,DXB,B787,PMC×1,AKE×6,AMJ×8,15,Scheduled
1613,RG532,2025-01-28,15:45,23:00,2025-01-28,8:45,17:00,LHR,LAX,B777-300ER,AKE×20,20,Arrived
1614,RG658,2025-01-10,23:00,8:30,2025-01-10,17:00,1:30,DXB,HND,A380,PMC×19,P1P×18,37,Departed
1615,RG194,2025-03-06,15:45,4:15,2025-03-06,8:45,21:15,LHR,LAX,B787,AKE×19,19,Scheduled
1616,RG873,2025-06-21,3:15,5:30,2025-06-20,21:15,21:30,LAX,SYD,A320,P1P×7,PMC×7,14,Delayed
1617,RG894,2025-05-09,11:30,22:45,2025-05-09,5:30,13:45,LAX,GRU,A320,AKE×10,P1P×4,RKN×4,18,Cancelled
1618,RG144,2025-01-14,19:30,21:45,2025-01-14,11:30,13:45,LAX,DXB,A320,RKN×3,3,Delayed
1619,RG674,2025-03-03,16:30,0:30,2025-03-03,10:30,15:30,CDG,BKK,A320,PMC×7,RKN×11,18,Scheduled
1620,RG928,2025-02-22,17:30,7:30,2025-02-22,10:30,22:30,HND,BKK,B737,PMC×20,20,Delayed
1621,RG338,2025-05-22,15:15,21:15,2025-05-22,9:15,15:15,SIN,SYD,A350,RKN×10,PMC×8,P1P×1,19,Scheduled
1622,RG328,2025-02-20,17:45,5:45,2025-02-20,8:45,23:45,LAX,GRU,A380,PMC×14,14,Delayed
1623,RG928,2025-01-30,14:00,1:30,2025-01-30,6:00,18:30,DXB,LAX,A320,P1P×3,3,Delayed
1624,RG125,2025-02-28,13:00,3:00,2025-02-28,6:00,21:00,HND,BKK,A350,P1P×2,RKN×11,13,Arrived
1625,RG508,2025-06-17,7:30,12:15,2025-06-16,22:30,6:15,HND,GRU,B737,P1P×12,PMC×8,RKN×15,35,Arrived
1626,RG266,2025-05-22,9:15,19:45,2025-05-22,1:15,13:45,BKK,DXB,B777-300ER,AMJ×3,PMC×7,P1P×5,15,Delayed
1627,RG144,2025-03-20,23:15,2:45,2025-03-20,16:15,20:45,JFK,SIN,A380,AKE×16,AMJ×2,18,Arrived
1628,RG982,2025-05-31,12:30,15:30,2025-05-31,4:30,6:30,SIN,BKK,B777-300ER,PMC×8,AKE×7,15,Cancelled
1629,RG881,2025-06-18,13:00,1:30,2025-06-18,7:00,17:30,BKK,DXB,B737,P1P×20,AKE×14,AMJ×14,48,Scheduled
1630,RG765,2025-05-22,12:30,23:15,2025-05-22,3:30,15:15,LHR,LAX,B777-300ER,P1P×9,AMJ×9,AKE×3,21,Departed
1631,RG103,2025-05-19,9:30,21:15,2025-05-19,3:30,13:15,DXB,CDG,A380,AMJ×4,AKE×10,14,Delayed
1632,RG796,2025-03-24,8:15,18:00,2025-03-24,2:15,9:00,BKK,SIN,A320,PMC×14,P1P×2,16,Delayed
1633,RG338,2025-03-12,19:30,23:15,2025-03-12,12:30,15:15,CDG,GRU,B777-300ER,P1P×6,6,Departed
1634,RG621,2025-06-17,1:15,4:15,2025-06-16,18:15,19:15,GRU,DXB,A320,P1P×9,AKE×9,RKN×1,19,Arrived
1635,RG611,2025-01-12,19:15,2:15,2025-01-12,13:15,17:15,HND,SYD,A320,P1P×11,11,Delayed
1636,RG463,2025-06-24,13:00,1:45,2025-06-24,5:00,18:45,BKK,DXB,B787,RKN×12,PMC×16,28,Arrived
1637,RG605,2025-01-08,5:30,8:00,2025-01-07,22:30,2:00,HND,JFK,B737,AMJ×13,RKN×19,AKE×2,34,Departed
1638,RG786,2025-06-16,2:00,7:45,2025-06-15,20:00,1:45,GRU,SIN,A380,AMJ×9,PMC×7,P1P×19,35,Arrived
1639,RG649,2025-03-26,7:30,13:15,2025-03-25,23:30,7:15,JFK,SIN,A380,RKN×12,AKE×18,30,Delayed
1640,RG323,2025-04-03,20:45,8:00,2025-04-03,11:45,23:00,JFK,LHR,B787,PMC×19,19,Departed
1641,RG470,2025-03-08,9:30,16:30,2025-03-08,3:30,7:30,LAX,SYD,A350,PMC×15,P1P×1,AKE×6,22,Scheduled
1642,RG846,2025-03-09,17:45,6:45,2025-03-09,10:45,0:45,LAX,BKK,A380,AKE×5,5,Delayed
1643,RG422,2025-04-10,13:30,18:15,2025-04-10,6:30,10:15,HND,DXB,B737,AMJ×2,AKE×3,RKN×12,17,Cancelled
1644,RG750,2025-06-11,14:45,21:30,2025-06-11,7:45,14:30,GRU,SYD,A320,AKE×19,19,Delayed
1645,RG479,2025-06-22,20:45,5:15,2025-06-22,11:45,22:15,SYD,CDG,A320,RKN×16,16,Arrived
1646,RG658,2025-05-25,16:45,23:15,2025-05-25,7:45,15:15,LHR,GRU,A320,P1P×9,PMC×19,RKN×20,48,Arrived
1647,RG303,2025-03-30,9:15,12:45,2025-03-30,1:15,3:45,SIN,JFK,A350,RKN×8,AKE×9,17,Departed
1648,RG674,2025-02-22,17:15,19:15,2025-02-22,10:15,13:15,SIN,BKK,B737,RKN×19,19,Cancelled
1649,RG868,2025-04-24,16:15,1:45,2025-04-24,10:15,19:45,SIN,LAX,B777-300ER,AKE×9,P1P×4,13,Arrived
1650,RG338,2025-02-26,23:00,6:15,2025-02-26,15:00,22:15,SIN,SYD,A380,RKN×2,2,Cancelled
1651,RG303,2025-06-30,16:30,21:30,2025-06-30,10:30,14:30,LHR,LAX,A350,P1P×5,RKN×16,AMJ×6,27,Cancelled
1652,RG470,2025-02-03,6:00,16:15,2025-02-03,0:00,7:15,HND,SIN,B787,P1P×14,AMJ×9,AKE×20,43,Cancelled
1653,RG873,2025-05-30,7:30,16:45,2025-05-29,23:30,9:45,CDG,SIN,B777-300ER,PMC×16,RKN×10,AMJ×4,30,Departed
1654,RG818,2025-03-15,13:45,21:00,2025-03-15,4:45,15:00,LHR,SIN,B737,AKE×13,RKN×5,PMC×16,34,Cancelled
1655,RG697,2025-04-16,21:15,23:45,2025-04-16,13:15,16:45,LAX,BKK,B787,RKN×14,AMJ×13,27,Cancelled
1656,RG350,2025-04-13,8:00,14:45,2025-04-13,1:00,6:45,BKK,CDG,B777-300ER,P1P×18,AMJ×7,25,Scheduled
1657,RG241,2025-06-06,10:15,21:15,2025-06-06,4:15,12:15,HND,DXB,B737,AKE×7,AMJ×12,RKN×18,37,Departed
1658,RG263,2025-05-18,12:15,18:30,2025-05-18,4:15,10:30,LAX,JFK,B787,P1P×1,AKE×17,PMC×4,22,Delayed
1659,RG763,2025-05-05,1:15,7:45,2025-05-04,19:15,0:45,JFK,BKK,B737,AKE×13,PMC×5,RKN×9,27,Scheduled
1660,RG323,2025-01-19,16:45,18:45,2025-01-19,9:45,12:45,GRU,LAX,A350,RKN×17,AMJ×1,P1P×10,28,Arrived
1661,RG801,2025-02-21,3:30,16:15,2025-02-20,18:30,8:15,LAX,HND,A350,AMJ×16,RKN×10,26,Delayed
1662,RG374,2025-03-04,12:00,21:45,2025-03-04,4:00,15:45,SIN,JFK,B787,PMC×8,8,Cancelled
1663,RG479,2025-05-03,18:00,6:30,2025-05-03,10:00,23:30,HND,GRU,B787,P1P×16,16,Delayed
1664,RG227,2025-01-22,4:45,16:30,2025-01-21,21:45,10:30,SIN,CDG,B777-300ER,RKN×2,P1P×11,13,Delayed
1665,RG697,2025-04-15,0:30,13:45,2025-04-14,15:30,4:45,DXB,JFK,B737,PMC×4,AKE×14,18,Scheduled
1666,RG314,2025-02-02,0:15,10:15,2025-02-01,17:15,3:15,SIN,HND,A320,PMC×17,P1P×16,33,Departed
1667,RG448,2025-05-21,13:45,16:15,2025-05-21,7:45,7:15,CDG,GRU,B787,AMJ×19,RKN×6,25,Departed
1668,RG296,2025-05-14,21:15,11:45,2025-05-14,13:15,2:45,SIN,JFK,B737,P1P×16,AMJ×1,RKN×11,28,Cancelled
1669,RG259,2025-02-08,15:00,17:30,2025-02-08,8:00,10:30,HND,SYD,B777-300ER,AKE×20,AMJ×15,35,Delayed
1670,RG263,2025-01-18,11:15,18:15,2025-01-18,4:15,10:15,CDG,LAX,B787,RKN×13,AMJ×9,PMC×18,40,Delayed
1671,RG212,2025-06-18,6:00,17:15,2025-06-18,0:00,10:15,CDG,LHR,B737,AKE×19,P1P×13,RKN×11,43,Delayed
1672,RG103,2025-06-01,19:30,10:15,2025-06-01,12:30,3:15,BKK,JFK,A350,AMJ×5,5,Departed
1673,RG532,2025-05-02,0:30,3:30,2025-05-01,17:30,18:30,LAX,SIN,B737,AMJ×8,AKE×18,26,Cancelled
1674,RG314,2025-04-09,22:45,6:15,2025-04-09,14:45,0:15,GRU,JFK,A350,RKN×18,P1P×15,PMC×16,49,Arrived
1675,RG710,2025-01-31,17:45,6:15,2025-01-31,10:45,0:15,DXB,SIN,A380,PMC×20,P1P×18,38,Departed
1676,RG786,2025-04-06,5:00,10:45,2025-04-05,21:00,3:45,BKK,CDG,B737,RKN×9,9,Delayed
1677,RG859,2025-06-05,8:00,20:30,2025-06-04,23:00,11:30,BKK,CDG,B737,AKE×16,AMJ×20,RKN×15,51,Cancelled
1678,RG384,2025-05-02,23:00,1:30,2025-05-02,17:00,18:30,LHR,GRU,A320,AKE×15,AMJ×2,17,Arrived
1679,RG674,2025-05-20,8:15,20:15,2025-05-20,0:15,12:15,LHR,DXB,B787,PMC×14,14,Scheduled
1680,RG132,2025-02-19,16:15,5:45,2025-02-19,10:15,22:45,SIN,BKK,B737,P1P×1,PMC×10,AKE×9,20,Delayed
1681,RG564,2025-01-31,10:45,21:45,2025-01-31,1:45,15:45,HND,GRU,A350,AKE×19,P1P×1,PMC×6,26,Scheduled
1682,RG452,2025-06-13,11:45,15:00,2025-06-13,3:45,8:00,LHR,CDG,A320,RKN×9,P1P×5,14,Delayed
1683,RG891,2025-04-16,7:15,13:30,2025-04-16,0:15,5:30,CDG,SIN,B737,PMC×12,12,Delayed
1684,RG266,2025-03-31,20:45,9:00,2025-03-31,14:45,0:00,LHR,SYD,B787,PMC×12,12,Arrived
1685,RG467,2025-03-29,22:30,1:45,2025-03-29,14:30,18:45,SIN,CDG,A320,AMJ×6,6,Cancelled
1686,RG928,2025-04-30,18:30,2:15,2025-04-30,12:30,18:15,HND,DXB,A320,PMC×16,16,Arrived
1687,RG203,2025-06-15,3:15,10:45,2025-06-14,20:15,1:45,SYD,LHR,A320,AMJ×19,PMC×19,38,Cancelled
1688,RG868,2025-04-13,15:15,21:45,2025-04-13,7:15,12:45,LAX,CDG,A320,AMJ×4,4,Cancelled
1689,RG267,2025-03-10,18:45,5:45,2025-03-10,11:45,22:45,CDG,SYD,A350,P1P×11,AMJ×2,RKN×3,16,Arrived
1690,RG564,2025-02-06,11:45,20:00,2025-02-06,2:45,14:00,LHR,JFK,A350,RKN×6,AKE×8,14,Departed
1691,RG488,2025-01-24,23:15,3:45,2025-01-24,17:15,18:45,LHR,DXB,A320,AMJ×7,PMC×16,23,Cancelled
1692,RG432,2025-06-30,7:00,15:15,2025-06-29,23:00,8:15,LAX,DXB,B737,PMC×3,AMJ×12,RKN×16,31,Delayed
1693,RG328,2025-02-26,19:15,9:30,2025-02-26,11:15,1:30,DXB,SYD,A320,AMJ×8,PMC×5,AKE×16,29,Departed
1694,RG858,2025-02-24,9:45,13:15,2025-02-24,0:45,6:15,LAX,LHR,B737,PMC×2,AMJ×9,11,Cancelled
1695,RG259,2025-02-11,12:00,21:00,2025-02-11,4:00,15:00,LAX,BKK,A350,P1P×15,PMC×1,16,Cancelled
1696,RG263,2025-06-21,12:45,2:45,2025-06-21,4:45,17:45,CDG,HND,B787,AMJ×16,RKN×11,27,Delayed
1697,RG266,2025-01-29,5:45,16:30,2025-01-28,23:45,9:30,BKK,DXB,A380,RKN×20,P1P×15,AMJ×14,49,Scheduled
1698,RG432,2025-03-14,1:00,10:45,2025-03-13,17:00,4:45,GRU,DXB,B737,RKN×1,AMJ×18,19,Arrived
1699,RG259,2025-03-17,11:45,14:30,2025-03-17,3:45,6:30,BKK,HND,B737,AKE×6,PMC×3,AMJ×18,27,Scheduled
1700,RG559,2025-02-07,20:45,5:15,2025-02-07,12:45,20:15,GRU,JFK,A380,AMJ×3,PMC×11,AKE×12,26,Scheduled
1701,RG106,2025-06-05,23:00,7:00,2025-06-05,15:00,23:00,LAX,GRU,A320,RKN×3,3,Cancelled
1702,RG658,2025-02-19,18:30,0:45,2025-02-19,12:30,16:45,GRU,SIN,A350,RKN×9,P1P×17,26,Scheduled
1703,RG508,2025-04-13,5:30,11:30,2025-04-12,20:30,4:30,BKK,LAX,A380,RKN×9,9,Cancelled
1704,RG697,2025-06-12,10:00,15:15,2025-06-12,4:00,7:15,JFK,HND,B787,AMJ×19,PMC×14,33,Delayed
1705,RG338,2025-05-19,12:45,22:45,2025-05-19,4:45,14:45,DXB,GRU,B777-300ER,PMC×16,16,Departed
1706,RG317,2025-06-28,5:45,12:30,2025-06-27,23:45,6:30,SIN,SYD,B737,P1P×17,17,Arrived
1707,RG146,2025-03-16,10:45,23:30,2025-03-16,4:45,16:30,GRU,LHR,B787,AMJ×14,PMC×1,15,Arrived
1708,RG246,2025-05-06,7:45,18:00,2025-05-05,22:45,12:00,HND,LAX,A350,AKE×19,19,Arrived
1709,RG259,2025-02-10,23:45,10:30,2025-02-10,15:45,3:30,LAX,CDG,B737,AKE×17,RKN×18,35,Delayed
1710,RG799,2025-02-27,12:45,3:30,2025-02-27,4:45,18:30,LHR,GRU,B777-300ER,AKE×15,RKN×6,21,Scheduled
1711,RG373,2025-05-29,20:45,5:30,2025-05-29,13:45,23:30,GRU,JFK,A350,AMJ×19,AKE×14,RKN×1,34,Arrived
1712,RG324,2025-03-05,5:45,17:45,2025-03-04,21:45,11:45,GRU,LAX,B787,P1P×12,AMJ×8,PMC×6,26,Cancelled
1713,RG796,2025-02-21,10:15,16:15,2025-02-21,4:15,9:15,GRU,SIN,B777-300ER,AMJ×15,15,Departed
1714,RG259,2025-04-29,16:00,6:30,2025-04-29,9:00,23:30,SIN,HND,A320,AKE×16,PMC×13,RKN×3,32,Cancelled
1715,RG665,2025-05-18,3:00,12:45,2025-05-17,21:00,4:45,LAX,BKK,B737,AMJ×14,PMC×4,18,Scheduled
1716,RG106,2025-03-09,18:00,7:15,2025-03-09,10:00,22:15,DXB,LHR,A350,P1P×4,RKN×11,15,Scheduled
1717,RG801,2025-05-06,7:30,15:00,2025-05-05,22:30,7:00,SIN,CDG,B787,AMJ×5,AKE×5,10,Delayed
1718,RG691,2025-01-07,7:30,19:00,2025-01-06,23:30,11:00,LHR,CDG,B777-300ER,PMC×5,RKN×5,AKE×20,30,Arrived
1719,RG373,2025-03-07,20:15,22:30,2025-03-07,12:15,15:30,GRU,BKK,B737,AMJ×16,PMC×20,36,Departed
1720,RG384,2025-06-14,4:30,15:00,2025-06-13,19:30,6:00,LHR,SYD,B777-300ER,PMC×13,13,Scheduled
1721,RG710,2025-01-17,10:15,16:30,2025-01-17,3:15,9:30,CDG,HND,A380,RKN×16,16,Cancelled
1722,RG352,2025-06-13,0:15,13:30,2025-06-12,16:15,7:30,LAX,HND,B737,AKE×18,RKN×18,PMC×3,39,Scheduled
1723,RG804,2025-05-26,16:15,21:45,2025-05-26,9:15,14:45,JFK,SIN,A350,AMJ×9,9,Delayed
1724,RG982,2025-01-24,23:15,12:15,2025-01-24,16:15,4:15,BKK,JFK,A350,AMJ×19,19,Cancelled
1725,RG432,2025-01-26,17:00,0:00,2025-01-26,10:00,15:00,HND,SIN,A320,P1P×18,AKE×19,37,Departed
1726,RG697,2025-05-05,9:00,20:45,2025-05-05,3:00,11:45,JFK,SIN,A320,PMC×16,RKN×6,22,Arrived
1727,RG374,2025-05-04,16:30,5:00,2025-05-04,8:30,22:00,DXB,CDG,A380,AMJ×15,RKN×4,PMC×6,25,Cancelled
1728,RG214,2025-03-23,16:45,2:00,2025-03-23,9:45,20:00,LAX,CDG,A320,RKN×7,P1P×4,11,Departed
1729,RG967,2025-03-20,16:30,0:15,2025-03-20,10:30,16:15,GRU,JFK,B787,P1P×7,RKN×13,AKE×6,26,Departed
1730,RG324,2025-06-19,5:30,16:15,2025-06-18,20:30,8:15,JFK,CDG,B777-300ER,RKN×10,P1P×11,21,Arrived
1731,RG756,2025-03-22,14:30,23:15,2025-03-22,5:30,17:15,LAX,BKK,B777-300ER,P1P×9,PMC×1,10,Departed
1732,RG467,2025-06-19,22:30,5:00,2025-06-19,16:30,21:00,LAX,GRU,B737,AMJ×20,P1P×17,AKE×15,52,Arrived
1733,RG765,2025-01-20,7:15,15:00,2025-01-19,22:15,9:00,LAX,SIN,A350,AMJ×2,PMC×4,6,Scheduled
1734,RG981,2025-03-29,8:30,18:00,2025-03-29,2:30,9:00,LHR,HND,B737,PMC×19,P1P×10,AKE×19,48,Departed
1735,RG371,2025-01-23,14:15,21:45,2025-01-23,6:15,15:45,LHR,HND,A380,RKN×7,AMJ×6,P1P×11,24,Cancelled
1736,RG926,2025-04-28,11:30,17:00,2025-04-28,3:30,11:00,LHR,HND,A380,PMC×16,AMJ×2,18,Delayed
1737,RG532,2025-05-12,11:00,22:45,2025-05-12,5:00,14:45,SYD,SIN,B737,RKN×3,AKE×19,AMJ×3,25,Delayed
1738,RG996,2025-01-29,17:15,7:15,2025-01-29,8:15,0:15,HND,LAX,B737,PMC×11,P1P×3,14,Departed
1739,RG256,2025-05-28,10:45,21:30,2025-05-28,4:45,12:30,GRU,CDG,A320,PMC×8,AKE×11,AMJ×14,33,Departed
1740,RG665,2025-02-27,18:30,5:15,2025-02-27,11:30,21:15,GRU,LHR,A350,P1P×10,10,Departed
1741,RG303,2025-01-07,17:00,7:15,2025-01-07,9:00,1:15,DXB,GRU,A350,P1P×6,AMJ×14,PMC×9,29,Departed
1742,RG452,2025-04-01,0:15,9:15,2025-03-31,15:15,3:15,SIN,JFK,B777-300ER,PMC×15,15,Cancelled
1743,RG194,2025-02-22,12:00,15:15,2025-02-22,6:00,8:15,JFK,HND,B777-300ER,AMJ×11,RKN×14,PMC×7,32,Departed
1744,RG127,2025-05-10,11:45,17:45,2025-05-10,2:45,11:45,BKK,LAX,B777-300ER,AKE×12,RKN×10,22,Scheduled
1745,RG488,2025-06-16,9:15,22:15,2025-06-16,0:15,13:15,BKK,CDG,A380,RKN×8,AKE×6,PMC×19,33,Scheduled
1746,RG559,2025-05-13,4:15,18:00,2025-05-12,22:15,12:00,GRU,JFK,A380,RKN×14,AMJ×6,PMC×14,34,Departed
1747,RG384,2025-05-13,4:15,11:15,2025-05-12,21:15,5:15,SIN,JFK,B737,RKN×20,AMJ×11,31,Scheduled
1748,RG328,2025-03-26,0:45,3:00,2025-03-25,15:45,21:00,SYD,LAX,B787,AMJ×4,P1P×1,AKE×12,17,Departed
1749,RG127,2025-04-18,2:00,11:45,2025-04-17,17:00,2:45,LHR,BKK,B737,PMC×5,RKN×11,16,Delayed
1750,RG266,2025-06-07,21:00,6:45,2025-06-07,14:00,23:45,JFK,SYD,A350,P1P×3,3,Scheduled
1751,RG838,2025-04-14,9:00,14:15,2025-04-14,1:00,7:15,CDG,DXB,A380,AMJ×5,RKN×11,16,Cancelled
1752,RG463,2025-06-19,4:00,17:45,2025-06-18,22:00,10:45,LHR,BKK,A350,AKE×13,P1P×11,AMJ×1,25,Delayed
1753,RG334,2025-05-04,11:15,0:00,2025-05-04,2:15,17:00,SIN,CDG,B787,AKE×17,RKN×11,28,Arrived
1754,RG881,2025-03-07,10:45,1:30,2025-03-07,4:45,17:30,SYD,CDG,A320,PMC×18,AKE×5,23,Scheduled
1755,RG926,2025-04-28,3:00,13:30,2025-04-27,20:00,5:30,CDG,SIN,B777-300ER,AKE×17,P1P×7,PMC×5,29,Departed
1756,RG839,2025-01-05,6:30,16:45,2025-01-05,0:30,8:45,SYD,JFK,A380,P1P×4,RKN×6,AKE×20,30,Departed
1757,RG214,2025-02-08,17:45,23:15,2025-02-08,11:45,14:15,CDG,LAX,B787,PMC×11,AMJ×5,16,Arrived
1758,RG754,2025-01-20,8:30,13:30,2025-01-20,2:30,4:30,LHR,GRU,B777-300ER,P1P×13,13,Departed
1759,RG256,2025-04-18,12:15,17:45,2025-04-18,6:15,10:45,CDG,LHR,B777-300ER,AMJ×5,5,Departed
1760,RG755,2025-02-06,21:30,12:00,2025-02-06,15:30,6:00,SYD,CDG,B787,AMJ×16,16,Departed
1761,RG796,2025-04-23,9:00,19:45,2025-04-23,2:00,13:45,DXB,CDG,A320,RKN×15,AKE×14,29,Delayed
1762,RG448,2025-06-27,15:30,20:30,2025-06-27,9:30,12:30,JFK,SIN,A380,PMC×4,AKE×9,13,Arrived
1763,RG487,2025-06-13,16:30,1:00,2025-06-13,8:30,19:00,BKK,HND,A380,P1P×8,PMC×19,27,Cancelled
1764,RG532,2025-03-10,3:45,14:30,2025-03-09,18:45,8:30,GRU,HND,B787,AKE×8,AMJ×12,PMC×19,39,Delayed
1765,RG846,2025-04-11,22:00,5:45,2025-04-11,13:00,23:45,LAX,GRU,A380,P1P×19,19,Departed
1766,RG328,2025-06-11,10:00,16:45,2025-06-11,4:00,7:45,CDG,DXB,A380,RKN×9,P1P×15,24,Scheduled
1767,RG975,2025-04-28,22:30,12:45,2025-04-28,15:30,4:45,LAX,DXB,A350,AKE×12,RKN×20,32,Delayed
1768,RG887,2025-02-28,10:30,13:30,2025-02-28,1:30,5:30,GRU,SIN,A380,PMC×7,7,Arrived
1769,RG111,2025-05-05,11:30,2:15,2025-05-05,3:30,19:15,LHR,DXB,A320,P1P×19,19,Arrived
1770,RG374,2025-06-29,20:30,10:45,2025-06-29,11:30,4:45,JFK,HND,A320,AMJ×5,PMC×11,P1P×18,34,Arrived
1771,RG763,2025-02-04,12:00,1:30,2025-02-04,6:00,17:30,JFK,SIN,A320,AMJ×5,5,Arrived
1772,RG328,2025-05-07,7:15,12:30,2025-05-06,22:15,5:30,LHR,BKK,B737,AKE×20,20,Cancelled
1773,RG376,2025-04-17,17:15,1:30,2025-04-17,8:15,16:30,CDG,DXB,B737,RKN×8,AMJ×11,19,Delayed
1774,RG954,2025-01-20,22:15,5:30,2025-01-20,15:15,23:30,SYD,SIN,B787,AKE×12,P1P×18,30,Departed
1775,RG963,2025-03-10,18:00,3:45,2025-03-10,9:00,18:45,HND,LHR,A320,PMC×16,AKE×5,P1P×3,24,Arrived
1776,RG132,2025-03-12,18:30,7:30,2025-03-12,9:30,22:30,LHR,LAX,A350,PMC×10,RKN×11,AMJ×8,29,Delayed
1777,RG167,2025-04-15,4:30,6:30,2025-04-14,20:30,0:30,HND,GRU,B787,P1P×8,AMJ×20,28,Departed
1778,RG320,2025-01-08,20:45,9:45,2025-01-08,12:45,3:45,HND,LAX,B787,PMC×16,AMJ×5,P1P×11,32,Departed
1779,RG674,2025-03-21,11:15,1:00,2025-03-21,3:15,16:00,HND,LHR,B737,P1P×12,AMJ×3,15,Arrived
1780,RG670,2025-01-25,16:30,18:30,2025-01-25,10:30,10:30,HND,LHR,A320,AKE×13,AMJ×10,P1P×1,24,Delayed
1781,RG242,2025-04-06,2:15,8:00,2025-04-05,19:15,1:00,DXB,HND,A380,AMJ×12,12,Delayed
1782,RG259,2025-04-23,22:15,8:30,2025-04-23,13:15,2:30,GRU,BKK,B787,RKN×10,10,Scheduled
1783,RG564,2025-06-24,5:15,9:00,2025-06-23,22:15,2:00,GRU,DXB,B777-300ER,AMJ×4,PMC×18,P1P×3,25,Arrived
1784,RG227,2025-04-04,4:15,13:30,2025-04-03,19:15,7:30,DXB,BKK,B777-300ER,AMJ×3,AKE×11,RKN×17,31,Delayed
1785,RG674,2025-06-29,17:45,8:00,2025-06-29,9:45,0:00,LHR,SIN,A350,PMC×14,AMJ×13,27,Scheduled
1786,RG132,2025-01-07,15:00,22:45,2025-01-07,6:00,14:45,SIN,CDG,A380,AKE×3,AMJ×10,PMC×19,32,Delayed
1787,RG611,2025-02-14,20:30,9:30,2025-02-14,14:30,3:30,CDG,LAX,A350,AMJ×14,AKE×17,31,Delayed
1788,RG259,2025-05-11,11:00,16:00,2025-05-11,2:00,9:00,JFK,DXB,A320,P1P×19,PMC×20,AKE×1,40,Scheduled
1789,RG786,2025-02-22,22:00,4:00,2025-02-22,15:00,20:00,LHR,LAX,A350,PMC×5,AKE×5,10,Delayed
1790,RG227,2025-06-09,21:30,6:00,2025-06-09,14:30,22:00,LAX,BKK,B777-300ER,PMC×7,RKN×16,23,Arrived
1791,RG697,2025-01-03,20:45,23:30,2025-01-03,13:45,16:30,HND,GRU,A320,PMC×3,3,Departed
1792,RG771,2025-03-25,5:30,18:15,2025-03-24,21:30,10:15,CDG,GRU,A320,PMC×7,7,Scheduled
1793,RG246,2025-05-08,6:15,16:15,2025-05-07,21:15,7:15,HND,GRU,A350,PMC×6,6,Scheduled
1794,RG261,2025-06-27,2:15,10:45,2025-06-26,17:15,3:45,SIN,BKK,A380,P1P×11,AMJ×2,RKN×19,32,Scheduled
1795,RG925,2025-03-29,8:15,16:00,2025-03-29,1:15,10:00,LAX,GRU,A350,AMJ×8,AKE×6,14,Departed
1796,RG987,2025-06-18,23:45,2:30,2025-06-18,17:45,19:30,GRU,SYD,B737,P1P×11,AMJ×2,RKN×4,17,Scheduled
1797,RG750,2025-05-13,17:00,4:15,2025-05-13,9:00,20:15,BKK,LHR,A320,P1P×1,AKE×19,AMJ×2,22,Cancelled
1798,RG564,2025-05-26,3:15,17:15,2025-05-25,21:15,11:15,SIN,LAX,B737,AMJ×8,PMC×16,P1P×20,44,Arrived
1799,RG384,2025-06-12,14:45,19:30,2025-06-12,6:45,12:30,LHR,CDG,A380,P1P×6,PMC×12,AMJ×1,19,Cancelled
1800,RG171,2025-02-06,1:45,10:00,2025-02-05,16:45,3:00,DXB,JFK,B777-300ER,PMC×15,AMJ×15,30,Cancelled
1801,RG432,2025-04-04,10:30,23:15,2025-04-04,3:30,16:15,JFK,GRU,A380,AMJ×7,7,Delayed
1802,RG266,2025-04-29,17:45,1:15,2025-04-29,10:45,16:15,LHR,SIN,A320,PMC×14,RKN×2,AMJ×7,23,Departed
1803,RG203,2025-05-22,5:45,16:30,2025-05-21,22:45,7:30,BKK,JFK,B777-300ER,P1P×19,RKN×5,PMC×13,37,Delayed
1804,RG194,2025-02-08,13:30,22:45,2025-02-08,6:30,13:45,DXB,SYD,A380,AKE×3,AMJ×1,PMC×1,5,Scheduled
1805,RG338,2025-01-24,10:30,15:45,2025-01-24,3:30,7:45,HND,DXB,B787,AMJ×16,PMC×11,27,Departed
1806,RG296,2025-03-19,3:15,7:30,2025-03-18,18:15,1:30,SYD,LAX,A350,AMJ×9,PMC×8,RKN×4,21,Departed
1807,RG755,2025-01-25,1:15,10:00,2025-01-24,16:15,1:00,LHR,BKK,B787,RKN×19,PMC×6,AMJ×15,40,Scheduled
1808,RG132,2025-06-21,18:30,1:30,2025-06-21,10:30,19:30,LHR,GRU,B787,PMC×4,P1P×7,11,Arrived
1809,RG296,2025-01-22,11:45,14:30,2025-01-22,4:45,6:30,CDG,JFK,B787,AMJ×16,AKE×11,27,Departed
1810,RG189,2025-06-16,7:30,14:15,2025-06-15,22:30,6:15,BKK,CDG,A380,PMC×18,AKE×2,P1P×5,25,Delayed
1811,RG125,2025-05-27,0:30,8:45,2025-05-26,15:30,23:45,LAX,BKK,A380,RKN×12,PMC×17,P1P×14,43,Cancelled
1812,RG111,2025-03-29,4:30,18:00,2025-03-28,21:30,9:00,CDG,GRU,A320,AKE×17,RKN×4,21,Scheduled
1813,RG559,2025-01-28,7:00,11:30,2025-01-28,1:00,4:30,GRU,JFK,A320,AKE×1,1,Arrived
1814,RG621,2025-01-19,4:45,17:15,2025-01-18,22:45,11:15,BKK,LHR,A350,AKE×3,P1P×1,AMJ×14,18,Departed
1815,RG467,2025-01-13,22:00,6:30,2025-01-13,15:00,21:30,JFK,SIN,B787,P1P×19,PMC×2,AMJ×15,36,Departed
1816,RG374,2025-01-02,2:15,7:45,2025-01-01,19:15,0:45,HND,GRU,A350,RKN×8,8,Departed
1817,RG763,2025-06-12,18:30,6:15,2025-06-12,10:30,23:15,LAX,CDG,B737,P1P×9,AKE×10,RKN×6,25,Scheduled
1818,RG532,2025-01-17,15:30,4:30,2025-01-17,6:30,22:30,SIN,BKK,A380,AKE×12,RKN×20,PMC×3,35,Delayed
1819,RG400,2025-03-23,14:30,4:15,2025-03-23,6:30,19:15,CDG,SIN,B737,P1P×6,AMJ×2,RKN×12,20,Cancelled
1820,RG963,2025-04-29,10:45,20:30,2025-04-29,1:45,13:30,LHR,LAX,B777-300ER,P1P×11,11,Cancelled
1821,RG873,2025-02-08,12:30,15:15,2025-02-08,5:30,8:15,GRU,LHR,A350,AKE×13,13,Cancelled
1822,RG877,2025-03-11,10:15,13:00,2025-03-11,1:15,6:00,CDG,SYD,B737,P1P×16,16,Delayed
1823,RG798,2025-05-08,13:45,18:30,2025-05-08,7:45,10:30,HND,GRU,B737,PMC×8,RKN×17,AKE×16,41,Departed
1824,RG646,2025-05-06,0:30,12:45,2025-05-05,16:30,4:45,GRU,LAX,B787,AMJ×5,5,Delayed
1825,RG470,2025-03-29,23:30,13:45,2025-03-29,15:30,4:45,HND,BKK,B777-300ER,PMC×7,P1P×11,18,Departed
1826,RG891,2025-06-12,15:30,2:00,2025-06-12,7:30,19:00,LHR,DXB,A380,P1P×16,AMJ×19,AKE×16,51,Scheduled
1827,RG891,2025-05-11,3:45,18:00,2025-05-10,19:45,12:00,SYD,SIN,B777-300ER,RKN×13,AKE×7,P1P×9,29,Departed
1828,RG266,2025-01-16,15:15,20:15,2025-01-16,7:15,12:15,GRU,SIN,B787,RKN×11,11,Cancelled
1829,RG891,2025-06-04,17:15,7:30,2025-06-04,11:15,23:30,BKK,JFK,B787,RKN×14,P1P×1,PMC×10,25,Arrived
1830,RG199,2025-02-06,9:00,11:45,2025-02-06,3:00,3:45,SIN,LHR,B777-300ER,PMC×15,P1P×11,RKN×4,30,Arrived
1831,RG324,2025-03-12,6:45,13:00,2025-03-11,23:45,5:00,BKK,HND,A320,AMJ×12,PMC×5,17,Arrived
1832,RG217,2025-04-07,17:00,5:45,2025-04-07,9:00,20:45,LHR,DXB,B787,RKN×11,11,Delayed
1833,RG400,2025-05-26,1:00,14:15,2025-05-25,16:00,8:15,HND,LHR,A350,AMJ×6,6,Departed
1834,RG127,2025-04-03,11:30,15:15,2025-04-03,3:30,9:15,SIN,LAX,B787,AMJ×14,14,Cancelled
1835,RG641,2025-02-09,17:00,22:45,2025-02-09,10:00,16:45,CDG,JFK,A350,AMJ×1,1,Scheduled
1836,RG212,2025-06-28,7:45,9:45,2025-06-28,0:45,2:45,LHR,GRU,B787,RKN×13,PMC×1,14,Delayed
1837,RG261,2025-03-16,15:00,3:45,2025-03-16,9:00,21:45,JFK,BKK,A350,AMJ×16,16,Scheduled
1838,RG564,2025-06-29,2:30,12:45,2025-06-28,17:30,5:45,LHR,SYD,A320,AMJ×18,RKN×12,P1P×17,47,Cancelled
1839,RG263,2025-02-21,19:30,2:45,2025-02-21,11:30,18:45,LAX,HND,A380,PMC×15,AKE×20,35,Delayed
1840,RG103,2025-04-14,6:15,9:15,2025-04-13,21:15,3:15,JFK,GRU,B787,RKN×10,P1P×12,AMJ×15,37,Scheduled
1841,RG256,2025-06-10,7:30,12:30,2025-06-09,23:30,6:30,JFK,LHR,B737,PMC×13,13,Arrived
1842,RG801,2025-04-11,19:15,5:00,2025-04-11,11:15,22:00,HND,GRU,A320,AMJ×2,2,Scheduled
1843,RG733,2025-01-01,9:45,18:00,2025-01-01,3:45,12:00,DXB,JFK,A380,PMC×12,12,Scheduled
1844,RG982,2025-04-17,20:00,2:00,2025-04-17,14:00,18:00,LHR,CDG,B777-300ER,AKE×1,1,Cancelled
1845,RG384,2025-01-04,3:00,16:15,2025-01-03,18:00,8:15,CDG,BKK,A380,PMC×5,AKE×7,RKN×3,15,Cancelled
1846,RG494,2025-04-07,0:00,9:45,2025-04-06,15:00,0:45,LHR,BKK,B787,AKE×9,9,Arrived
1847,RG217,2025-05-03,6:30,9:00,2025-05-02,23:30,2:00,SIN,BKK,A380,AMJ×14,14,Delayed
1848,RG666,2025-05-06,7:00,13:30,2025-05-06,1:00,5:30,SIN,GRU,B787,RKN×12,12,Delayed
1849,RG611,2025-02-07,10:30,18:45,2025-02-07,1:30,10:45,SIN,DXB,B737,PMC×18,18,Cancelled
1850,RG473,2025-04-21,2:30,7:00,2025-04-20,18:30,22:00,SIN,SYD,A380,AKE×11,11,Delayed
1851,RG193,2025-02-07,19:30,5:45,2025-02-07,12:30,22:45,LAX,HND,B777-300ER,AMJ×18,18,Scheduled
1852,RG997,2025-01-27,18:00,0:15,2025-01-27,11:00,16:15,SIN,HND,B737,RKN×13,PMC×8,AMJ×19,40,Arrived
1853,RG448,2025-04-15,22:00,3:45,2025-04-15,15:00,20:45,BKK,SYD,A320,P1P×10,AKE×8,18,Cancelled
1854,RG146,2025-02-23,17:00,22:00,2025-02-23,11:00,16:00,CDG,HND,A350,AKE×3,3,Arrived
1855,RG670,2025-01-31,13:30,2:15,2025-01-31,7:30,18:15,DXB,LAX,B737,RKN×14,14,Delayed
1856,RG864,2025-05-03,20:00,8:45,2025-05-03,14:00,23:45,DXB,GRU,A320,PMC×18,AMJ×4,22,Cancelled
1857,RG579,2025-05-31,19:30,8:15,2025-05-31,13:30,23:15,BKK,SIN,A320,RKN×3,AKE×8,11,Scheduled
1858,RG324,2025-04-08,23:30,5:15,2025-04-08,17:30,21:15,CDG,SYD,A380,P1P×4,PMC×1,5,Departed
1859,RG698,2025-06-22,0:45,4:00,2025-06-21,15:45,20:00,GRU,LAX,B787,AKE×4,RKN×17,PMC×16,37,Departed
1860,RG670,2025-03-17,5:00,11:30,2025-03-16,20:00,5:30,LHR,HND,A350,PMC×1,P1P×13,14,Departed
1861,RG103,2025-04-07,1:30,5:45,2025-04-06,17:30,20:45,JFK,SIN,A380,AKE×6,6,Departed
1862,RG703,2025-06-04,18:00,3:45,2025-06-04,10:00,18:45,BKK,SYD,A380,AMJ×14,AKE×16,30,Scheduled
1863,RG982,2025-04-22,17:45,20:45,2025-04-22,11:45,12:45,DXB,SIN,B777-300ER,P1P×1,AMJ×6,AKE×3,10,Delayed
1864,RG881,2025-06-20,6:45,19:15,2025-06-19,22:45,10:15,HND,LHR,B787,AKE×8,AMJ×7,15,Departed
1865,RG171,2025-02-04,23:45,2:15,2025-02-04,17:45,20:15,HND,SYD,A380,AMJ×10,AKE×5,15,Arrived
1866,RG649,2025-05-03,6:15,19:00,2025-05-02,21:15,10:00,JFK,HND,A350,AMJ×5,AKE×5,10,Delayed
1867,RG106,2025-01-18,15:00,2:15,2025-01-18,8:00,17:15,DXB,JFK,B737,AKE×2,PMC×11,13,Cancelled
1868,RG242,2025-02-19,21:30,6:15,2025-02-19,14:30,23:15,SIN,SYD,B777-300ER,P1P×17,AMJ×10,RKN×16,43,Scheduled
1869,RG573,2025-06-03,0:45,3:45,2025-06-02,17:45,21:45,DXB,CDG,B777-300ER,PMC×10,RKN×18,28,Delayed
1870,RG975,2025-03-20,15:45,0:00,2025-03-20,6:45,16:00,HND,SIN,B737,AMJ×9,AKE×9,P1P×10,28,Delayed
1871,RG316,2025-02-28,10:30,15:45,2025-02-28,2:30,7:45,JFK,DXB,B787,PMC×20,RKN×14,P1P×7,41,Delayed
1872,RG928,2025-06-26,9:15,21:45,2025-06-26,1:15,14:45,SIN,SYD,A350,RKN×8,8,Departed
1873,RG697,2025-06-12,10:15,23:00,2025-06-12,2:15,16:00,LAX,SIN,A380,AMJ×18,PMC×11,29,Departed
1874,RG180,2025-06-05,2:30,6:15,2025-06-04,17:30,0:15,HND,JFK,B737,PMC×17,RKN×19,36,Cancelled
1875,RG194,2025-03-10,1:45,14:30,2025-03-09,19:45,5:30,LAX,GRU,B737,P1P×6,6,Scheduled
1876,RG473,2025-01-14,1:00,7:00,2025-01-13,17:00,0:00,HND,LAX,A350,AMJ×2,2,Scheduled
1877,RG818,2025-03-28,19:30,2:15,2025-03-28,12:30,19:15,JFK,CDG,B787,P1P×1,AMJ×18,19,Delayed
1878,RG396,2025-02-26,5:45,10:45,2025-02-25,22:45,4:45,GRU,CDG,B777-300ER,AKE×8,8,Cancelled
1879,RG718,2025-03-03,14:15,18:30,2025-03-03,6:15,12:30,BKK,JFK,A380,PMC×15,AMJ×7,22,Departed
1880,RG303,2025-01-21,13:45,23:00,2025-01-21,4:45,14:00,BKK,SYD,B737,PMC×14,14,Delayed
1881,RG489,2025-03-24,0:45,11:30,2025-03-23,15:45,4:30,DXB,LHR,A380,AMJ×13,13,Departed
1882,RG723,2025-02-23,6:30,14:15,2025-02-22,22:30,7:15,CDG,JFK,B777-300ER,PMC×19,AKE×8,RKN×3,30,Cancelled
1883,RG796,2025-01-06,12:30,20:15,2025-01-06,6:30,11:15,LAX,SIN,B777-300ER,PMC×9,9,Arrived
1884,RG926,2025-03-10,11:30,20:45,2025-03-10,4:30,13:45,GRU,SYD,B787,P1P×12,AKE×2,AMJ×8,22,Scheduled
1885,RG111,2025-02-10,2:00,8:00,2025-02-09,18:00,23:00,LHR,CDG,A350,RKN×8,P1P×14,22,Arrived
1886,RG532,2025-05-14,2:15,5:15,2025-05-13,19:15,21:15,SYD,SIN,B777-300ER,P1P×1,1,Departed
1887,RG508,2025-01-20,2:00,8:15,2025-01-19,20:00,23:15,SYD,DXB,A380,P1P×18,18,Departed
1888,RG649,2025-01-03,10:15,0:45,2025-01-03,4:15,18:45,LAX,LHR,A350,PMC×5,5,Departed
1889,RG570,2025-06-05,11:30,20:45,2025-06-05,2:30,13:45,HND,JFK,A350,AMJ×13,AKE×5,PMC×1,19,Arrived
1890,RG801,2025-05-16,15:45,2:30,2025-05-16,6:45,18:30,GRU,LAX,B737,PMC×16,P1P×5,RKN×2,23,Departed
1891,RG195,2025-06-03,11:30,15:15,2025-06-03,2:30,6:15,CDG,DXB,A320,PMC×1,P1P×7,8,Cancelled
1892,RG839,2025-06-13,4:45,16:00,2025-06-12,20:45,7:00,JFK,LHR,A320,PMC×9,9,Cancelled
1893,RG173,2025-04-30,22:45,6:00,2025-04-30,13:45,23:00,LAX,BKK,A350,AKE×10,10,Arrived
1894,RG189,2025-03-31,14:45,3:30,2025-03-31,8:45,19:30,DXB,SYD,B787,AKE×3,PMC×12,15,Arrived
1895,RG204,2025-03-21,16:15,18:15,2025-03-21,9:15,10:15,BKK,GRU,B787,AMJ×12,12,Scheduled
1896,RG804,2025-04-14,10:45,18:15,2025-04-14,2:45,10:15,BKK,SYD,B787,PMC×16,16,Cancelled
1897,RG261,2025-05-12,1:00,5:45,2025-05-11,17:00,20:45,CDG,LHR,A350,AKE×20,20,Cancelled
1898,RG733,2025-04-11,7:00,9:30,2025-04-11,1:00,2:30,JFK,LAX,B787,PMC×5,5,Cancelled
1899,RG758,2025-05-26,8:15,10:15,2025-05-26,1:15,4:15,CDG,SIN,A320,PMC×6,6,Cancelled
1900,RG658,2025-01-21,21:45,12:15,2025-01-21,13:45,3:15,CDG,SYD,B787,RKN×5,AMJ×19,PMC×17,41,Arrived
1901,RG538,2025-03-04,7:00,15:45,2025-03-03,23:00,7:45,SYD,CDG,B777-300ER,PMC×10,AKE×9,RKN×4,23,Departed
1902,RG246,2025-02-27,7:15,16:30,2025-02-27,1:15,8:30,LAX,GRU,B777-300ER,RKN×8,AMJ×6,AKE×20,34,Cancelled
1903,RG796,2025-01-17,10:00,18:45,2025-01-17,1:00,11:45,LAX,SIN,A320,RKN×10,AKE×8,18,Cancelled
1904,RG132,2025-04-12,18:15,3:00,2025-04-12,11:15,19:00,JFK,LHR,B737,AMJ×11,11,Delayed
1905,RG314,2025-01-22,3:00,6:00,2025-01-21,20:00,21:00,SIN,HND,A380,P1P×16,AKE×6,PMC×2,24,Departed
1906,RG296,2025-04-04,21:30,9:30,2025-04-04,15:30,2:30,CDG,DXB,A320,AMJ×3,3,Scheduled
1907,RG241,2025-01-01,6:15,15:00,2025-01-01,0:15,7:00,GRU,CDG,B787,AKE×3,RKN×15,AMJ×20,38,Arrived
1908,RG263,2025-06-14,22:00,7:15,2025-06-14,14:00,1:15,LAX,DXB,A380,PMC×15,15,Arrived
1909,RG167,2025-03-20,9:45,18:00,2025-03-20,1:45,10:00,JFK,GRU,B777-300ER,P1P×2,2,Scheduled
1910,RG532,2025-05-31,3:15,7:00,2025-05-30,20:15,0:00,HND,CDG,B737,RKN×16,P1P×14,AMJ×14,44,Scheduled
1911,RG212,2025-06-21,21:30,10:45,2025-06-21,12:30,4:45,DXB,LHR,B777-300ER,RKN×3,3,Scheduled
1912,RG854,2025-03-06,12:15,22:00,2025-03-06,3:15,14:00,SIN,LHR,B737,PMC×6,RKN×1,AMJ×6,13,Arrived
1913,RG646,2025-01-24,15:30,19:30,2025-01-24,8:30,12:30,SYD,SIN,B737,P1P×14,14,Scheduled
1914,RG103,2025-01-03,20:30,10:00,2025-01-03,12:30,2:00,BKK,HND,B777-300ER,P1P×11,AMJ×17,AKE×9,37,Delayed
1915,RG799,2025-05-16,18:15,2:15,2025-05-16,9:15,18:15,SYD,SIN,A320,RKN×14,AKE×19,33,Scheduled
1916,RG894,2025-04-17,14:15,21:30,2025-04-17,5:15,13:30,CDG,BKK,A350,AMJ×9,RKN×1,P1P×17,27,Departed
1917,RG792,2025-02-26,14:15,22:15,2025-02-26,5:15,16:15,HND,CDG,B787,PMC×10,AKE×20,RKN×2,32,Cancelled
1918,RG651,2025-02-24,17:30,7:30,2025-02-24,10:30,22:30,SYD,DXB,A350,P1P×14,AKE×3,RKN×11,28,Departed
1919,RG157,2025-01-06,3:15,16:45,2025-01-05,20:15,8:45,CDG,LAX,A350,P1P×12,AMJ×4,16,Arrived
1920,RG333,2025-05-19,22:00,1:15,2025-05-19,16:00,19:15,JFK,HND,B737,AKE×15,15,Arrived
1921,RG325,2025-05-09,17:45,3:45,2025-05-09,8:45,19:45,HND,DXB,A320,P1P×7,PMC×18,25,Arrived
1922,RG798,2025-01-05,19:00,22:15,2025-01-05,12:00,14:15,LHR,SYD,A380,P1P×12,PMC×1,RKN×11,24,Cancelled
1923,RG400,2025-04-21,3:45,9:00,2025-04-20,20:45,0:00,GRU,HND,A380,PMC×18,18,Cancelled
1924,RG818,2025-03-24,20:30,1:30,2025-03-24,14:30,16:30,JFK,BKK,B787,AKE×11,RKN×14,25,Scheduled
1925,RG891,2025-04-29,2:15,5:15,2025-04-28,19:15,20:15,SIN,SYD,B787,RKN×2,AKE×11,AMJ×8,21,Arrived
1926,RG771,2025-04-19,9:00,12:00,2025-04-19,1:00,5:00,CDG,LAX,A350,RKN×3,PMC×17,20,Arrived
1927,RG323,2025-05-08,9:30,17:30,2025-05-08,3:30,9:30,DXB,LHR,A380,P1P×17,17,Delayed
1928,RG697,2025-01-26,11:00,14:30,2025-01-26,3:00,6:30,HND,LHR,B787,AMJ×3,3,Departed
1929,RG658,2025-03-12,9:00,23:30,2025-03-12,1:00,17:30,LAX,BKK,B737,AKE×9,RKN×2,11,Departed
1930,RG130,2025-01-25,18:00,21:45,2025-01-25,12:00,12:45,DXB,LAX,B787,RKN×6,6,Delayed
1931,RG371,2025-03-05,2:30,6:45,2025-03-04,20:30,0:45,SIN,JFK,A380,P1P×17,AMJ×8,RKN×14,39,Scheduled
1932,RG490,2025-05-14,8:15,17:30,2025-05-14,2:15,8:30,JFK,LAX,A350,RKN×13,AMJ×19,AKE×14,46,Delayed
1933,RG691,2025-03-10,7:00,20:45,2025-03-09,23:00,11:45,BKK,HND,B777-300ER,P1P×5,RKN×19,PMC×6,30,Delayed
1934,RG529,2025-06-21,7:15,20:15,2025-06-21,0:15,13:15,BKK,HND,A380,P1P×9,AMJ×4,13,Delayed
1935,RG754,2025-06-16,6:00,19:00,2025-06-15,21:00,13:00,DXB,JFK,B777-300ER,P1P×4,4,Arrived
1936,RG975,2025-04-16,12:30,21:45,2025-04-16,5:30,14:45,LAX,DXB,A350,P1P×9,PMC×14,AMJ×2,25,Arrived
1937,RG754,2025-04-21,14:15,16:15,2025-04-21,5:15,8:15,JFK,LAX,A320,P1P×9,RKN×6,15,Cancelled
1938,RG564,2025-01-04,15:00,2:45,2025-01-04,7:00,18:45,JFK,SIN,A350,RKN×9,PMC×6,P1P×16,31,Departed
1939,RG376,2025-02-04,0:15,13:00,2025-02-03,15:15,6:00,SYD,GRU,A380,AKE×9,9,Arrived
1940,RG997,2025-03-07,22:00,4:30,2025-03-07,13:00,22:30,HND,GRU,A350,RKN×18,P1P×20,38,Delayed
1941,RG422,2025-02-16,20:45,6:45,2025-02-16,13:45,0:45,DXB,SYD,B777-300ER,RKN×7,AKE×6,P1P×4,17,Arrived
1942,RG217,2025-04-19,8:30,19:45,2025-04-18,23:30,11:45,HND,LAX,B777-300ER,P1P×2,AMJ×11,PMC×12,25,Cancelled
1943,RG545,2025-03-03,17:30,2:45,2025-03-03,8:30,20:45,HND,GRU,B787,P1P×14,14,Scheduled
1944,RG199,2025-04-30,13:00,16:45,2025-04-30,6:00,9:45,JFK,GRU,B737,AKE×9,9,Scheduled
1945,RG864,2025-04-15,3:30,16:15,2025-04-14,20:30,10:15,DXB,JFK,B787,AKE×9,9,Delayed
1946,RG771,2025-06-11,7:00,16:30,2025-06-11,0:00,10:30,SIN,JFK,B777-300ER,AKE×17,AMJ×19,36,Departed
1947,RG674,2025-03-13,0:45,14:15,2025-03-12,16:45,5:15,SYD,LHR,A320,AKE×9,AMJ×7,RKN×6,22,Departed
1948,RG144,2025-01-12,23:15,4:30,2025-01-12,16:15,21:30,CDG,SIN,A320,PMC×5,P1P×2,RKN×4,11,Departed
1949,RG266,2025-06-10,9:45,13:45,2025-06-10,2:45,4:45,LAX,BKK,A350,AKE×14,P1P×4,18,Scheduled
1950,RG261,2025-02-10,6:00,10:45,2025-02-10,0:00,1:45,JFK,LHR,B737,AMJ×6,RKN×20,P1P×18,44,Delayed
1951,RG452,2025-04-25,13:15,1:00,2025-04-25,5:15,17:00,CDG,JFK,A380,P1P×13,13,Arrived
1952,RG314,2025-05-18,14:00,1:00,2025-05-18,7:00,19:00,JFK,SYD,A320,PMC×19,AMJ×5,RKN×2,26,Delayed
1953,RG320,2025-05-18,7:15,12:15,2025-05-18,1:15,5:15,SYD,GRU,A320,AMJ×9,AKE×9,18,Arrived
1954,RG758,2025-02-04,5:00,13:45,2025-02-03,22:00,6:45,JFK,HND,B787,AMJ×15,15,Scheduled
1955,RG350,2025-06-12,17:00,6:30,2025-06-12,8:00,23:30,CDG,DXB,A320,AKE×1,1,Scheduled
1956,RG798,2025-01-08,2:30,6:30,2025-01-07,20:30,23:30,SIN,HND,B777-300ER,RKN×20,AKE×1,AMJ×5,26,Arrived
1957,RG891,2025-04-08,21:00,11:30,2025-04-08,13:00,3:30,LHR,HND,B787,AMJ×19,19,Delayed
1958,RG157,2025-03-15,15:00,19:15,2025-03-15,7:00,13:15,DXB,LAX,B777-300ER,AMJ×14,14,Cancelled
1959,RG328,2025-01-12,19:00,21:30,2025-01-12,12:00,12:30,DXB,GRU,A320,AMJ×17,RKN×5,22,Cancelled
1960,RG314,2025-05-25,3:15,11:30,2025-05-24,19:15,4:30,DXB,GRU,A380,RKN×10,10,Departed
1961,RG674,2025-04-07,23:00,9:00,2025-04-07,14:00,3:00,LAX,JFK,A350,AMJ×20,PMC×12,32,Scheduled
1962,RG103,2025-06-09,20:15,0:15,2025-06-09,14:15,16:15,BKK,HND,B777-300ER,AMJ×18,AKE×17,35,Scheduled
1963,RG665,2025-06-10,23:30,11:45,2025-06-10,14:30,2:45,JFK,SYD,A350,P1P×13,AKE×9,22,Departed
1964,RG925,2025-06-22,2:15,16:00,2025-06-21,18:15,9:00,SYD,CDG,B777-300ER,P1P×8,AKE×14,22,Departed
1965,RG479,2025-05-16,13:15,16:45,2025-05-16,5:15,10:45,SIN,BKK,B777-300ER,PMC×12,P1P×12,24,Arrived
1966,RG792,2025-02-17,12:15,1:45,2025-02-17,4:15,18:45,CDG,JFK,A380,AKE×16,16,Cancelled
1967,RG777,2025-04-16,8:30,18:30,2025-04-16,1:30,12:30,DXB,JFK,B787,AMJ×11,P1P×5,PMC×15,31,Delayed
1968,RG357,2025-01-16,21:30,0:00,2025-01-16,15:30,16:00,JFK,GRU,A350,RKN×7,7,Delayed
1969,RG180,2025-05-31,10:00,18:15,2025-05-31,3:00,12:15,HND,GRU,A380,PMC×4,AMJ×18,RKN×2,24,Delayed
1970,RG194,2025-03-03,18:00,6:15,2025-03-03,9:00,23:15,LHR,LAX,A380,P1P×14,AKE×2,16,Scheduled
1971,RG617,2025-06-06,16:45,7:15,2025-06-06,7:45,1:15,SIN,SYD,B777-300ER,AMJ×6,AKE×7,PMC×1,14,Scheduled
1972,RG864,2025-01-28,10:45,14:00,2025-01-28,4:45,7:00,LAX,DXB,B777-300ER,PMC×10,RKN×20,AMJ×4,34,Cancelled
1973,RG754,2025-06-08,21:15,5:45,2025-06-08,13:15,22:45,BKK,HND,B737,AKE×19,AMJ×10,RKN×4,33,Delayed
1974,RG296,2025-02-27,7:45,18:30,2025-02-26,23:45,12:30,GRU,LHR,B777-300ER,P1P×6,6,Departed
1975,RG470,2025-06-04,16:15,19:30,2025-06-04,7:15,11:30,DXB,GRU,B777-300ER,AKE×9,9,Scheduled
1976,RG357,2025-03-17,4:45,17:45,2025-03-16,20:45,11:45,DXB,JFK,B777-300ER,PMC×2,AMJ×17,19,Scheduled
1977,RG658,2025-02-02,13:00,15:15,2025-02-02,7:00,8:15,DXB,LAX,B777-300ER,AKE×5,AMJ×15,P1P×3,23,Arrived
1978,RG756,2025-02-24,3:15,17:30,2025-02-23,19:15,9:30,DXB,BKK,B777-300ER,AMJ×19,P1P×4,PMC×16,39,Cancelled
1979,RG350,2025-05-24,20:15,7:30,2025-05-24,12:15,23:30,BKK,HND,A350,AMJ×17,AKE×15,32,Departed
1980,RG489,2025-03-18,7:45,20:00,2025-03-17,22:45,14:00,JFK,GRU,A380,AMJ×2,AKE×4,6,Arrived
1981,RG670,2025-06-26,22:00,9:00,2025-06-26,14:00,3:00,CDG,GRU,B787,AKE×15,15,Arrived
1982,RG369,2025-02-12,12:45,3:30,2025-02-12,4:45,18:30,HND,SYD,B737,AMJ×12,12,Delayed
1983,RG373,2025-06-13,18:15,22:45,2025-06-13,12:15,14:45,BKK,SYD,B737,AMJ×7,P1P×4,AKE×6,17,Departed
1984,RG821,2025-02-06,13:45,0:45,2025-02-06,4:45,18:45,SYD,SIN,A350,AKE×14,PMC×1,15,Cancelled
1985,RG384,2025-02-25,9:15,19:30,2025-02-25,1:15,11:30,JFK,SYD,A350,AMJ×1,AKE×12,P1P×14,27,Scheduled
1986,RG990,2025-06-27,18:45,1:45,2025-06-27,11:45,16:45,GRU,DXB,B787,P1P×9,PMC×3,RKN×18,30,Cancelled
1987,RG862,2025-04-07,11:45,23:45,2025-04-07,4:45,17:45,SYD,SIN,B777-300ER,P1P×7,7,Delayed
1988,RG891,2025-05-27,10:00,16:15,2025-05-27,2:00,7:15,SYD,LHR,A350,RKN×2,AMJ×1,PMC×6,9,Cancelled
1989,RG214,2025-02-27,0:00,12:45,2025-02-26,15:00,3:45,HND,BKK,A320,AMJ×3,P1P×3,6,Departed
1990,RG324,2025-03-27,0:00,3:45,2025-03-26,18:00,19:45,HND,CDG,A380,AKE×15,RKN×14,AMJ×6,35,Delayed
1991,RG194,2025-05-30,14:45,3:00,2025-05-30,8:45,19:00,JFK,CDG,B737,PMC×15,15,Cancelled
1992,RG697,2025-03-14,12:15,15:00,2025-03-14,5:15,6:00,LAX,LHR,B787,RKN×1,1,Delayed
1993,RG127,2025-05-06,23:45,7:45,2025-05-06,16:45,1:45,CDG,BKK,B777-300ER,AMJ×7,RKN×7,AKE×7,21,Cancelled
1994,RG144,2025-01-23,4:30,11:45,2025-01-22,21:30,3:45,LAX,HND,B777-300ER,AKE×7,PMC×6,AMJ×4,17,Scheduled
1995,RG508,2025-02-11,0:45,4:00,2025-02-10,15:45,21:00,SYD,DXB,A350,PMC×13,RKN×4,17,Departed
1996,RG452,2025-04-25,2:30,9:00,2025-04-24,20:30,2:00,GRU,DXB,A320,PMC×10,10,Delayed
1997,RG858,2025-01-25,13:30,19:30,2025-01-25,6:30,10:30,JFK,CDG,A320,PMC×5,AKE×15,20,Cancelled
1998,RG532,2025-05-12,5:15,8:15,2025-05-11,22:15,2:15,SIN,SYD,A350,P1P×9,9,Delayed
1999,RG846,2025-02-13,18:30,8:15,2025-02-13,9:30,1:15,LAX,JFK,B787,AKE×17,17,Departed